"Survey","Reef","Site","Transect","T_ID","Date","Lat","Long","Depth","Temperature","Habitat","Aspect","Benthic_Complexity","Trophic Group","Total_Biomass_g"
"Feb_21","Bougainville","BVille_1","T1","Feb_21_BVille_1_T1",2021-02-22,-15.48724,147.09035,65,27.5,"outer_reef","steep_slope",5,"invertivore-mobile",693.274342157577
"Feb_21","Bougainville","BVille_1","T1","Feb_21_BVille_1_T1",2021-02-22,-15.48724,147.09035,65,27.5,"outer_reef","steep_slope",5,"invertivore-sessile",32.0877011321772
"Feb_21","Bougainville","BVille_1","T1","Feb_21_BVille_1_T1",2021-02-22,-15.48724,147.09035,65,27.5,"outer_reef","steep_slope",5,"omnivore",16.2654647285896
"Feb_21","Bougainville","BVille_1","T1","Feb_21_BVille_1_T1",2021-02-22,-15.48724,147.09035,65,27.5,"outer_reef","steep_slope",5,"piscivore",1089.11464954756
"Feb_21","Bougainville","BVille_1","T1","Feb_21_BVille_1_T1",2021-02-22,-15.48724,147.09035,65,27.5,"outer_reef","steep_slope",5,"planktivore",140.486933328988
"Feb_21","Bougainville","BVille_1","T10","Feb_21_BVille_1_T10",2021-02-22,-15.48724,147.09035,54.7,28,"outer_reef","steep_slope",5,"herbivore-detritivore",0.323417880514203
"Feb_21","Bougainville","BVille_1","T10","Feb_21_BVille_1_T10",2021-02-22,-15.48724,147.09035,54.7,28,"outer_reef","steep_slope",5,"invertivore-mobile",66.6138986575068
"Feb_21","Bougainville","BVille_1","T10","Feb_21_BVille_1_T10",2021-02-22,-15.48724,147.09035,54.7,28,"outer_reef","steep_slope",5,"omnivore",427.082415177337
"Feb_21","Bougainville","BVille_1","T10","Feb_21_BVille_1_T10",2021-02-22,-15.48724,147.09035,54.7,28,"outer_reef","steep_slope",5,"piscivore",133.81849113736
"Feb_21","Bougainville","BVille_1","T10","Feb_21_BVille_1_T10",2021-02-22,-15.48724,147.09035,54.7,28,"outer_reef","steep_slope",5,"planktivore",1786.68468386156
"Feb_21","Bougainville","BVille_1","T11","Feb_21_BVille_1_T11",2021-02-22,-15.48724,147.09035,47.4,28,"outer_reef","wall",5,"invertivore-mobile",151.408923625486
"Feb_21","Bougainville","BVille_1","T11","Feb_21_BVille_1_T11",2021-02-22,-15.48724,147.09035,47.4,28,"outer_reef","wall",5,"invertivore-sessile",24.3736874587447
"Feb_21","Bougainville","BVille_1","T11","Feb_21_BVille_1_T11",2021-02-22,-15.48724,147.09035,47.4,28,"outer_reef","wall",5,"omnivore",164.884769231585
"Feb_21","Bougainville","BVille_1","T11","Feb_21_BVille_1_T11",2021-02-22,-15.48724,147.09035,47.4,28,"outer_reef","wall",5,"piscivore",179223.562534527
"Feb_21","Bougainville","BVille_1","T11","Feb_21_BVille_1_T11",2021-02-22,-15.48724,147.09035,47.4,28,"outer_reef","wall",5,"planktivore",3365.61136257934
"Feb_21","Bougainville","BVille_1","T12","Feb_21_BVille_1_T12",2021-02-22,-15.48724,147.09035,45.5,28.1,"outer_reef","steep_slope",5,"herbivore-detritivore",691.969903628236
"Feb_21","Bougainville","BVille_1","T12","Feb_21_BVille_1_T12",2021-02-22,-15.48724,147.09035,45.5,28.1,"outer_reef","steep_slope",5,"invertivore-mobile",1688.47361924963
"Feb_21","Bougainville","BVille_1","T12","Feb_21_BVille_1_T12",2021-02-22,-15.48724,147.09035,45.5,28.1,"outer_reef","steep_slope",5,"invertivore-sessile",23.1204961405889
"Feb_21","Bougainville","BVille_1","T12","Feb_21_BVille_1_T12",2021-02-22,-15.48724,147.09035,45.5,28.1,"outer_reef","steep_slope",5,"omnivore",681.757002351855
"Feb_21","Bougainville","BVille_1","T12","Feb_21_BVille_1_T12",2021-02-22,-15.48724,147.09035,45.5,28.1,"outer_reef","steep_slope",5,"piscivore",6523.37258302071
"Feb_21","Bougainville","BVille_1","T12","Feb_21_BVille_1_T12",2021-02-22,-15.48724,147.09035,45.5,28.1,"outer_reef","steep_slope",5,"planktivore",7476.38949273375
"Feb_21","Bougainville","BVille_1","T13","Feb_21_BVille_1_T13",2021-02-22,-15.48724,147.09035,45,28.1,"outer_reef","wall",4,"herbivore-detritivore",135.215097653788
"Feb_21","Bougainville","BVille_1","T13","Feb_21_BVille_1_T13",2021-02-22,-15.48724,147.09035,45,28.1,"outer_reef","wall",4,"invertivore-mobile",70.0143503407556
"Feb_21","Bougainville","BVille_1","T13","Feb_21_BVille_1_T13",2021-02-22,-15.48724,147.09035,45,28.1,"outer_reef","wall",4,"omnivore",116.734560212835
"Feb_21","Bougainville","BVille_1","T13","Feb_21_BVille_1_T13",2021-02-22,-15.48724,147.09035,45,28.1,"outer_reef","wall",4,"piscivore",124.561368233305
"Feb_21","Bougainville","BVille_1","T13","Feb_21_BVille_1_T13",2021-02-22,-15.48724,147.09035,45,28.1,"outer_reef","wall",4,"planktivore",2153.00859105316
"Feb_21","Bougainville","BVille_1","T14","Feb_21_BVille_1_T14",2021-02-22,-15.48724,147.09035,43.7,28.3,"outer_reef","steep_slope",5,"invertivore-mobile",60.6540676193659
"Feb_21","Bougainville","BVille_1","T14","Feb_21_BVille_1_T14",2021-02-22,-15.48724,147.09035,43.7,28.3,"outer_reef","steep_slope",5,"omnivore",896.151770860802
"Feb_21","Bougainville","BVille_1","T14","Feb_21_BVille_1_T14",2021-02-22,-15.48724,147.09035,43.7,28.3,"outer_reef","steep_slope",5,"planktivore",11040.0326701735
"Feb_21","Bougainville","BVille_1","T15","Feb_21_BVille_1_T15",2021-02-22,-15.48724,147.09035,38.6,28.6,"outer_reef","wall",4,"omnivore",185.212399984944
"Feb_21","Bougainville","BVille_1","T15","Feb_21_BVille_1_T15",2021-02-22,-15.48724,147.09035,38.6,28.6,"outer_reef","wall",4,"planktivore",430.159379564077
"Feb_21","Bougainville","BVille_1","T16","Feb_21_BVille_1_T16",2021-02-22,-15.48724,147.09035,36.4,28.9,"outer_reef","wall",5,"herbivore-detritivore",1885.38719752617
"Feb_21","Bougainville","BVille_1","T16","Feb_21_BVille_1_T16",2021-02-22,-15.48724,147.09035,36.4,28.9,"outer_reef","wall",5,"invertivore-mobile",63.8876987301611
"Feb_21","Bougainville","BVille_1","T16","Feb_21_BVille_1_T16",2021-02-22,-15.48724,147.09035,36.4,28.9,"outer_reef","wall",5,"invertivore-sessile",43.118515918974
"Feb_21","Bougainville","BVille_1","T16","Feb_21_BVille_1_T16",2021-02-22,-15.48724,147.09035,36.4,28.9,"outer_reef","wall",5,"omnivore",196.943563566092
"Feb_21","Bougainville","BVille_1","T16","Feb_21_BVille_1_T16",2021-02-22,-15.48724,147.09035,36.4,28.9,"outer_reef","wall",5,"piscivore",837.996977798654
"Feb_21","Bougainville","BVille_1","T16","Feb_21_BVille_1_T16",2021-02-22,-15.48724,147.09035,36.4,28.9,"outer_reef","wall",5,"planktivore",3148.55920732489
"Feb_21","Bougainville","BVille_1","T17","Feb_21_BVille_1_T17",2021-02-22,-15.48724,147.09035,35.1,28.9,"outer_reef","wall",5,"herbivore-detritivore",1900.52699559577
"Feb_21","Bougainville","BVille_1","T17","Feb_21_BVille_1_T17",2021-02-22,-15.48724,147.09035,35.1,28.9,"outer_reef","wall",5,"invertivore-mobile",0.0908766210171531
"Feb_21","Bougainville","BVille_1","T17","Feb_21_BVille_1_T17",2021-02-22,-15.48724,147.09035,35.1,28.9,"outer_reef","wall",5,"omnivore",400.759903612909
"Feb_21","Bougainville","BVille_1","T17","Feb_21_BVille_1_T17",2021-02-22,-15.48724,147.09035,35.1,28.9,"outer_reef","wall",5,"piscivore",3127.8074540914
"Feb_21","Bougainville","BVille_1","T17","Feb_21_BVille_1_T17",2021-02-22,-15.48724,147.09035,35.1,28.9,"outer_reef","wall",5,"planktivore",5326.93061310981
"Feb_21","Bougainville","BVille_1","T18","Feb_21_BVille_1_T18",2021-02-22,-15.48724,147.09035,28.5,29.1,"outer_reef","wall",4,"herbivore-detritivore",689.259888429806
"Feb_21","Bougainville","BVille_1","T18","Feb_21_BVille_1_T18",2021-02-22,-15.48724,147.09035,28.5,29.1,"outer_reef","wall",4,"invertivore-mobile",493.559225128427
"Feb_21","Bougainville","BVille_1","T18","Feb_21_BVille_1_T18",2021-02-22,-15.48724,147.09035,28.5,29.1,"outer_reef","wall",4,"invertivore-sessile",61.652646416469
"Feb_21","Bougainville","BVille_1","T18","Feb_21_BVille_1_T18",2021-02-22,-15.48724,147.09035,28.5,29.1,"outer_reef","wall",4,"omnivore",193.178039203385
"Feb_21","Bougainville","BVille_1","T18","Feb_21_BVille_1_T18",2021-02-22,-15.48724,147.09035,28.5,29.1,"outer_reef","wall",4,"piscivore",618.052067052556
"Feb_21","Bougainville","BVille_1","T18","Feb_21_BVille_1_T18",2021-02-22,-15.48724,147.09035,28.5,29.1,"outer_reef","wall",4,"planktivore",5555.54227189337
"Feb_21","Bougainville","BVille_1","T19","Feb_21_BVille_1_T19",2021-02-22,-15.48724,147.09035,22.3,29.2,"outer_reef","wall",3,"herbivore-detritivore",25.5171150169553
"Feb_21","Bougainville","BVille_1","T19","Feb_21_BVille_1_T19",2021-02-22,-15.48724,147.09035,22.3,29.2,"outer_reef","wall",3,"invertivore-mobile",56.9927048316999
"Feb_21","Bougainville","BVille_1","T19","Feb_21_BVille_1_T19",2021-02-22,-15.48724,147.09035,22.3,29.2,"outer_reef","wall",3,"invertivore-sessile",338.435881697418
"Feb_21","Bougainville","BVille_1","T19","Feb_21_BVille_1_T19",2021-02-22,-15.48724,147.09035,22.3,29.2,"outer_reef","wall",3,"omnivore",256.810693666333
"Feb_21","Bougainville","BVille_1","T19","Feb_21_BVille_1_T19",2021-02-22,-15.48724,147.09035,22.3,29.2,"outer_reef","wall",3,"planktivore",4063.3860006871
"Feb_21","Bougainville","BVille_1","T2","Feb_21_BVille_1_T2",2021-02-22,-15.48724,147.09035,66.7,27.5,"outer_reef","wall",5,"herbivore-detritivore",106.138166493875
"Feb_21","Bougainville","BVille_1","T2","Feb_21_BVille_1_T2",2021-02-22,-15.48724,147.09035,66.7,27.5,"outer_reef","wall",5,"invertivore-mobile",193.286848538205
"Feb_21","Bougainville","BVille_1","T2","Feb_21_BVille_1_T2",2021-02-22,-15.48724,147.09035,66.7,27.5,"outer_reef","wall",5,"omnivore",989.015122833875
"Feb_21","Bougainville","BVille_1","T2","Feb_21_BVille_1_T2",2021-02-22,-15.48724,147.09035,66.7,27.5,"outer_reef","wall",5,"piscivore",246274.55280976
"Feb_21","Bougainville","BVille_1","T2","Feb_21_BVille_1_T2",2021-02-22,-15.48724,147.09035,66.7,27.5,"outer_reef","wall",5,"planktivore",836.823654840427
"Feb_21","Bougainville","BVille_1","T3","Feb_21_BVille_1_T3",2021-02-22,-15.48724,147.09035,66.3,27.5,"outer_reef","wall",5,"invertivore-mobile",632.538687087384
"Feb_21","Bougainville","BVille_1","T3","Feb_21_BVille_1_T3",2021-02-22,-15.48724,147.09035,66.3,27.5,"outer_reef","wall",5,"omnivore",443.408007177802
"Feb_21","Bougainville","BVille_1","T3","Feb_21_BVille_1_T3",2021-02-22,-15.48724,147.09035,66.3,27.5,"outer_reef","wall",5,"piscivore",6012.00322826766
"Feb_21","Bougainville","BVille_1","T3","Feb_21_BVille_1_T3",2021-02-22,-15.48724,147.09035,66.3,27.5,"outer_reef","wall",5,"planktivore",1114.36384070095
"Feb_21","Bougainville","BVille_1","T4","Feb_21_BVille_1_T4",2021-02-22,-15.48724,147.09035,67.8,27.5,"outer_reef","wall",5,"herbivore-detritivore",5.86692205981673
"Feb_21","Bougainville","BVille_1","T4","Feb_21_BVille_1_T4",2021-02-22,-15.48724,147.09035,67.8,27.5,"outer_reef","wall",5,"invertivore-mobile",92.8948294949795
"Feb_21","Bougainville","BVille_1","T4","Feb_21_BVille_1_T4",2021-02-22,-15.48724,147.09035,67.8,27.5,"outer_reef","wall",5,"invertivore-sessile",0.365967871458343
"Feb_21","Bougainville","BVille_1","T4","Feb_21_BVille_1_T4",2021-02-22,-15.48724,147.09035,67.8,27.5,"outer_reef","wall",5,"omnivore",423.521962249791
"Feb_21","Bougainville","BVille_1","T4","Feb_21_BVille_1_T4",2021-02-22,-15.48724,147.09035,67.8,27.5,"outer_reef","wall",5,"piscivore",5055.8129184678
"Feb_21","Bougainville","BVille_1","T4","Feb_21_BVille_1_T4",2021-02-22,-15.48724,147.09035,67.8,27.5,"outer_reef","wall",5,"planktivore",905.839286744747
"Feb_21","Bougainville","BVille_1","T5","Feb_21_BVille_1_T5",2021-02-22,-15.48724,147.09035,67.3,27.8,"outer_reef","steep_slope",5,"invertivore-mobile",105.810125618019
"Feb_21","Bougainville","BVille_1","T5","Feb_21_BVille_1_T5",2021-02-22,-15.48724,147.09035,67.3,27.8,"outer_reef","steep_slope",5,"omnivore",43.3197125477816
"Feb_21","Bougainville","BVille_1","T5","Feb_21_BVille_1_T5",2021-02-22,-15.48724,147.09035,67.3,27.8,"outer_reef","steep_slope",5,"piscivore",18383.9793751278
"Feb_21","Bougainville","BVille_1","T5","Feb_21_BVille_1_T5",2021-02-22,-15.48724,147.09035,67.3,27.8,"outer_reef","steep_slope",5,"planktivore",1106.35215843091
"Feb_21","Bougainville","BVille_1","T6","Feb_21_BVille_1_T6",2021-02-22,-15.48724,147.09035,58.1,27.9,"outer_reef","steep_slope",4,"herbivore-detritivore",34.2259725970659
"Feb_21","Bougainville","BVille_1","T6","Feb_21_BVille_1_T6",2021-02-22,-15.48724,147.09035,58.1,27.9,"outer_reef","steep_slope",4,"invertivore-mobile",463.108976153753
"Feb_21","Bougainville","BVille_1","T6","Feb_21_BVille_1_T6",2021-02-22,-15.48724,147.09035,58.1,27.9,"outer_reef","steep_slope",4,"omnivore",223.094974088374
"Feb_21","Bougainville","BVille_1","T6","Feb_21_BVille_1_T6",2021-02-22,-15.48724,147.09035,58.1,27.9,"outer_reef","steep_slope",4,"piscivore",28.6207447484369
"Feb_21","Bougainville","BVille_1","T6","Feb_21_BVille_1_T6",2021-02-22,-15.48724,147.09035,58.1,27.9,"outer_reef","steep_slope",4,"planktivore",943.977040455445
"Feb_21","Bougainville","BVille_1","T7","Feb_21_BVille_1_T7",2021-02-22,-15.48724,147.09035,57.8,28,"outer_reef","steep_slope",5,"herbivore-detritivore",33.3823094190437
"Feb_21","Bougainville","BVille_1","T7","Feb_21_BVille_1_T7",2021-02-22,-15.48724,147.09035,57.8,28,"outer_reef","steep_slope",5,"invertivore-mobile",54.4255102036298
"Feb_21","Bougainville","BVille_1","T7","Feb_21_BVille_1_T7",2021-02-22,-15.48724,147.09035,57.8,28,"outer_reef","steep_slope",5,"invertivore-sessile",0.402676607707118
"Feb_21","Bougainville","BVille_1","T7","Feb_21_BVille_1_T7",2021-02-22,-15.48724,147.09035,57.8,28,"outer_reef","steep_slope",5,"omnivore",4.04732620999054
"Feb_21","Bougainville","BVille_1","T7","Feb_21_BVille_1_T7",2021-02-22,-15.48724,147.09035,57.8,28,"outer_reef","steep_slope",5,"piscivore",385.620433033882
"Feb_21","Bougainville","BVille_1","T7","Feb_21_BVille_1_T7",2021-02-22,-15.48724,147.09035,57.8,28,"outer_reef","steep_slope",5,"planktivore",785.982011639841
"Feb_21","Bougainville","BVille_1","T8","Feb_21_BVille_1_T8",2021-02-22,-15.48724,147.09035,57.2,28,"outer_reef","steep_slope",5,"herbivore-detritivore",20.976165647667
"Feb_21","Bougainville","BVille_1","T8","Feb_21_BVille_1_T8",2021-02-22,-15.48724,147.09035,57.2,28,"outer_reef","steep_slope",5,"invertivore-mobile",277.439520022868
"Feb_21","Bougainville","BVille_1","T8","Feb_21_BVille_1_T8",2021-02-22,-15.48724,147.09035,57.2,28,"outer_reef","steep_slope",5,"omnivore",1177.48325320177
"Feb_21","Bougainville","BVille_1","T8","Feb_21_BVille_1_T8",2021-02-22,-15.48724,147.09035,57.2,28,"outer_reef","steep_slope",5,"piscivore",1146.66005941245
"Feb_21","Bougainville","BVille_1","T8","Feb_21_BVille_1_T8",2021-02-22,-15.48724,147.09035,57.2,28,"outer_reef","steep_slope",5,"planktivore",2071.99681525627
"Feb_21","Bougainville","BVille_1","T9","Feb_21_BVille_1_T9",2021-02-22,-15.48724,147.09035,57.4,28,"outer_reef","steep_slope",5,"invertivore-mobile",227.573186558158
"Feb_21","Bougainville","BVille_1","T9","Feb_21_BVille_1_T9",2021-02-22,-15.48724,147.09035,57.4,28,"outer_reef","steep_slope",5,"omnivore",815.91603461924
"Feb_21","Bougainville","BVille_1","T9","Feb_21_BVille_1_T9",2021-02-22,-15.48724,147.09035,57.4,28,"outer_reef","steep_slope",5,"planktivore",810.670881941549
"Feb_21","Chillcot","Chilcott_1","T1","Feb_21_Chilcott_1_T1",2021-02-13,-16.92334,149.99654,36.5,28.3,"lagoon","flat",1,"herbivore-detritivore",0.901241699528589
"Feb_21","Flinders","Flinders_N1","T1","Feb_21_Flinders_N1_T1",2021-02-18,-17.86224,148.54848,42.1,29.3,"lagoon","flat",0,"invertivore-mobile",1235.60602498033
"Feb_21","Flinders","Flinders_N1","T2","Feb_21_Flinders_N1_T2",2021-02-18,-17.86224,148.54848,40.2,29.2,"lagoon","flat",1,"invertivore-mobile",2660.84699693726
"Feb_21","Flinders","Flinders_N1","T2","Feb_21_Flinders_N1_T2",2021-02-18,-17.86224,148.54848,40.2,29.2,"lagoon","flat",1,"planktivore",54.1576811521482
"Feb_21","Flinders","Flinders_N1","T3","Feb_21_Flinders_N1_T3",2021-02-18,-17.86224,148.54848,40,29.2,"lagoon","flat",0,"invertivore-mobile",1252.93392501671
"Feb_21","Flinders","Flinders_N1","T3","Feb_21_Flinders_N1_T3",2021-02-18,-17.86224,148.54848,40,29.2,"lagoon","flat",0,"omnivore",628.593497807093
"Feb_21","Flinders","Flinders_N1","T3","Feb_21_Flinders_N1_T3",2021-02-18,-17.86224,148.54848,40,29.2,"lagoon","flat",0,"piscivore",8003.7890148257
"Feb_21","Flinders","Flinders_N1","T3","Feb_21_Flinders_N1_T3",2021-02-18,-17.86224,148.54848,40,29.2,"lagoon","flat",0,"planktivore",660.5914726216
"Feb_21","Flinders","Flinders_N1","T4","Feb_21_Flinders_N1_T4",2021-02-18,-17.86224,148.54848,40,29.2,"lagoon","flat",0,"invertivore-mobile",264.089704307806
"Feb_21","Flinders","Flinders_N1","T4","Feb_21_Flinders_N1_T4",2021-02-18,-17.86224,148.54848,40,29.2,"lagoon","flat",0,"omnivore",55.4560204735062
"Feb_21","Flinders","Flinders_N1","T4","Feb_21_Flinders_N1_T4",2021-02-18,-17.86224,148.54848,40,29.2,"lagoon","flat",0,"piscivore",4770.29459921225
"Feb_21","Flinders","Flinders_N1","T4","Feb_21_Flinders_N1_T4",2021-02-18,-17.86224,148.54848,40,29.2,"lagoon","flat",0,"planktivore",890.469048772351
"Feb_21","Flinders","Flinders_N1","T5","Feb_21_Flinders_N1_T5",2021-02-18,-17.86224,148.54848,41.5,29.2,"lagoon","flat",0,"herbivore-detritivore",49.8070659665222
"Feb_21","Flinders","Flinders_N1","T5","Feb_21_Flinders_N1_T5",2021-02-18,-17.86224,148.54848,41.5,29.2,"lagoon","flat",0,"invertivore-mobile",8703.25570368345
"Feb_21","Flinders","Flinders_N1","T5","Feb_21_Flinders_N1_T5",2021-02-18,-17.86224,148.54848,41.5,29.2,"lagoon","flat",0,"omnivore",1.72834320698448
"Feb_21","Flinders","Flinders_N1","T5","Feb_21_Flinders_N1_T5",2021-02-18,-17.86224,148.54848,41.5,29.2,"lagoon","flat",0,"piscivore",14076.2576015152
"Feb_21","Flinders","Flinders_N1","T5","Feb_21_Flinders_N1_T5",2021-02-18,-17.86224,148.54848,41.5,29.2,"lagoon","flat",0,"planktivore",9.0067482119359
"Feb_21","Flinders","Flinders_N1","T6","Feb_21_Flinders_N1_T6",2021-02-18,-17.86224,148.54848,43.3,29.2,"lagoon","flat",0,"herbivore-detritivore",6198.80967872178
"Feb_21","Flinders","Flinders_N1","T6","Feb_21_Flinders_N1_T6",2021-02-18,-17.86224,148.54848,43.3,29.2,"lagoon","flat",0,"invertivore-mobile",9954.90165311896
"Feb_21","Flinders","Flinders_N1","T6","Feb_21_Flinders_N1_T6",2021-02-18,-17.86224,148.54848,43.3,29.2,"lagoon","flat",0,"omnivore",0.0997833746793463
"Feb_21","Flinders","Flinders_N1","T6","Feb_21_Flinders_N1_T6",2021-02-18,-17.86224,148.54848,43.3,29.2,"lagoon","flat",0,"piscivore",15449.9404460295
"Feb_21","Flinders","Flinders_N1","T6","Feb_21_Flinders_N1_T6",2021-02-18,-17.86224,148.54848,43.3,29.2,"lagoon","flat",0,"planktivore",20.783214025803
"Feb_21","Flinders","Flinders_N1","T7","Feb_21_Flinders_N1_T7",2021-02-18,-17.86224,148.54848,44,29.1,"lagoon","flat",1,"herbivore-detritivore",283.933469374827
"Feb_21","Flinders","Flinders_N1","T7","Feb_21_Flinders_N1_T7",2021-02-18,-17.86224,148.54848,44,29.1,"lagoon","flat",1,"invertivore-mobile",1054.75670953877
"Feb_21","Flinders","Flinders_N1","T7","Feb_21_Flinders_N1_T7",2021-02-18,-17.86224,148.54848,44,29.1,"lagoon","flat",1,"omnivore",379.41675879376
"Feb_21","Flinders","Flinders_N1","T7","Feb_21_Flinders_N1_T7",2021-02-18,-17.86224,148.54848,44,29.1,"lagoon","flat",1,"piscivore",7.11696783638099
"Feb_21","Flinders","Flinders_N1","T7","Feb_21_Flinders_N1_T7",2021-02-18,-17.86224,148.54848,44,29.1,"lagoon","flat",1,"planktivore",4.40012447106706
"Feb_21","Flinders","Flinders_S1","T1","Feb_21_Flinders_S1_T1",2021-02-16,-17.86224,148.46677,35.6,29.2,"outer_reef","steep_slope",4,"herbivore-detritivore",853.729857717745
"Feb_21","Flinders","Flinders_S1","T1","Feb_21_Flinders_S1_T1",2021-02-16,-17.86224,148.46677,35.6,29.2,"outer_reef","steep_slope",4,"herbivore-macroalgae",171.878727694071
"Feb_21","Flinders","Flinders_S1","T1","Feb_21_Flinders_S1_T1",2021-02-16,-17.86224,148.46677,35.6,29.2,"outer_reef","steep_slope",4,"invertivore-mobile",1008.38887200479
"Feb_21","Flinders","Flinders_S1","T1","Feb_21_Flinders_S1_T1",2021-02-16,-17.86224,148.46677,35.6,29.2,"outer_reef","steep_slope",4,"omnivore",755.795430142737
"Feb_21","Flinders","Flinders_S1","T1","Feb_21_Flinders_S1_T1",2021-02-16,-17.86224,148.46677,35.6,29.2,"outer_reef","steep_slope",4,"piscivore",29747.7577815281
"Feb_21","Flinders","Flinders_S1","T1","Feb_21_Flinders_S1_T1",2021-02-16,-17.86224,148.46677,35.6,29.2,"outer_reef","steep_slope",4,"planktivore",990.303577423653
"Feb_21","Flinders","Flinders_S1","T2","Feb_21_Flinders_S1_T2",2021-02-16,-17.86224,148.46677,37.1,29.2,"outer_reef","wall",4,"herbivore-detritivore",687.637680506755
"Feb_21","Flinders","Flinders_S1","T2","Feb_21_Flinders_S1_T2",2021-02-16,-17.86224,148.46677,37.1,29.2,"outer_reef","wall",4,"invertivore-mobile",6178.3328976085
"Feb_21","Flinders","Flinders_S1","T2","Feb_21_Flinders_S1_T2",2021-02-16,-17.86224,148.46677,37.1,29.2,"outer_reef","wall",4,"invertivore-sessile",7.78778330417944
"Feb_21","Flinders","Flinders_S1","T2","Feb_21_Flinders_S1_T2",2021-02-16,-17.86224,148.46677,37.1,29.2,"outer_reef","wall",4,"omnivore",1084.34475892763
"Feb_21","Flinders","Flinders_S1","T2","Feb_21_Flinders_S1_T2",2021-02-16,-17.86224,148.46677,37.1,29.2,"outer_reef","wall",4,"piscivore",11625.4545444585
"Feb_21","Flinders","Flinders_S1","T2","Feb_21_Flinders_S1_T2",2021-02-16,-17.86224,148.46677,37.1,29.2,"outer_reef","wall",4,"planktivore",9687.1457804213
"Feb_21","Flinders","Flinders_S1","T3","Feb_21_Flinders_S1_T3",2021-02-16,-17.86224,148.46677,42.1,29.2,"outer_reef","wall",3,"herbivore-detritivore",0.12626073002048
"Feb_21","Flinders","Flinders_S1","T3","Feb_21_Flinders_S1_T3",2021-02-16,-17.86224,148.46677,42.1,29.2,"outer_reef","wall",3,"invertivore-sessile",0.0759347194529447
"Feb_21","Flinders","Flinders_S1","T3","Feb_21_Flinders_S1_T3",2021-02-16,-17.86224,148.46677,42.1,29.2,"outer_reef","wall",3,"omnivore",88.2193839084362
"Feb_21","Flinders","Flinders_S1","T3","Feb_21_Flinders_S1_T3",2021-02-16,-17.86224,148.46677,42.1,29.2,"outer_reef","wall",3,"piscivore",40.4901538969627
"Feb_21","Flinders","Flinders_S1","T3","Feb_21_Flinders_S1_T3",2021-02-16,-17.86224,148.46677,42.1,29.2,"outer_reef","wall",3,"planktivore",704.803218572719
"Feb_21","Flinders","Flinders_S1","T4","Feb_21_Flinders_S1_T4",2021-02-16,-17.86224,148.46677,35.2,29.3,"outer_reef","wall",3,"herbivore-detritivore",159.757182638728
"Feb_21","Flinders","Flinders_S1","T4","Feb_21_Flinders_S1_T4",2021-02-16,-17.86224,148.46677,35.2,29.3,"outer_reef","wall",3,"invertivore-mobile",40.5929294449256
"Feb_21","Flinders","Flinders_S1","T4","Feb_21_Flinders_S1_T4",2021-02-16,-17.86224,148.46677,35.2,29.3,"outer_reef","wall",3,"invertivore-sessile",0.0960662805127943
"Feb_21","Flinders","Flinders_S1","T4","Feb_21_Flinders_S1_T4",2021-02-16,-17.86224,148.46677,35.2,29.3,"outer_reef","wall",3,"omnivore",75.272347550942
"Feb_21","Flinders","Flinders_S1","T4","Feb_21_Flinders_S1_T4",2021-02-16,-17.86224,148.46677,35.2,29.3,"outer_reef","wall",3,"piscivore",284.59527663624
"Feb_21","Flinders","Flinders_S1","T4","Feb_21_Flinders_S1_T4",2021-02-16,-17.86224,148.46677,35.2,29.3,"outer_reef","wall",3,"planktivore",334.04112596261
"Feb_21","Flinders","Flinders_S1","T5","Feb_21_Flinders_S1_T5",2021-02-16,-17.86224,148.46677,45.4,29.2,"outer_reef","wall",3,"omnivore",0.0638666545000518
"Feb_21","Flinders","Flinders_S1","T5","Feb_21_Flinders_S1_T5",2021-02-16,-17.86224,148.46677,45.4,29.2,"outer_reef","wall",3,"piscivore",6.88675818428226
"Feb_21","Flinders","Flinders_S1","T5","Feb_21_Flinders_S1_T5",2021-02-16,-17.86224,148.46677,45.4,29.2,"outer_reef","wall",3,"planktivore",0.0226312056689746
"Feb_21","Flinders","Flinders_S1","T6","Feb_21_Flinders_S1_T6",2021-02-16,-17.86224,148.46677,34.3,29.2,"outer_reef","steep_slope",3,"herbivore-detritivore",114.99410999079
"Feb_21","Flinders","Flinders_S1","T6","Feb_21_Flinders_S1_T6",2021-02-16,-17.86224,148.46677,34.3,29.2,"outer_reef","steep_slope",3,"invertivore-mobile",221.883283569931
"Feb_21","Flinders","Flinders_S1","T6","Feb_21_Flinders_S1_T6",2021-02-16,-17.86224,148.46677,34.3,29.2,"outer_reef","steep_slope",3,"invertivore-sessile",80.2574659692931
"Feb_21","Flinders","Flinders_S1","T6","Feb_21_Flinders_S1_T6",2021-02-16,-17.86224,148.46677,34.3,29.2,"outer_reef","steep_slope",3,"omnivore",69.7891678727179
"Feb_21","Flinders","Flinders_S1","T6","Feb_21_Flinders_S1_T6",2021-02-16,-17.86224,148.46677,34.3,29.2,"outer_reef","steep_slope",3,"piscivore",732.808157314525
"Feb_21","Flinders","Flinders_S1","T6","Feb_21_Flinders_S1_T6",2021-02-16,-17.86224,148.46677,34.3,29.2,"outer_reef","steep_slope",3,"planktivore",113.645468113631
"Feb_21","Flinders","Flinders_S1","T7","Feb_21_Flinders_S1_T7",2021-02-16,-17.86224,148.46677,45.2,29.2,"outer_reef","wall",4,"herbivore-detritivore",4609.85265129969
"Feb_21","Flinders","Flinders_S1","T7","Feb_21_Flinders_S1_T7",2021-02-16,-17.86224,148.46677,45.2,29.2,"outer_reef","wall",4,"omnivore",0.0374541431332927
"Feb_21","Flinders","Flinders_S1","T7","Feb_21_Flinders_S1_T7",2021-02-16,-17.86224,148.46677,45.2,29.2,"outer_reef","wall",4,"piscivore",8005.36963360751
"Feb_21","Flinders","Flinders_S1","T7","Feb_21_Flinders_S1_T7",2021-02-16,-17.86224,148.46677,45.2,29.2,"outer_reef","wall",4,"planktivore",4224.8408440371
"Feb_21","Frederick","Fred_W1","T1","Feb_21_Fred_W1_T1",2021-02-09,-21.01225,154.34671,34.8,28,"slope_terrace","gentle_slope",1,"herbivore-detritivore",402.236086999042
"Feb_21","Frederick","Fred_W1","T1","Feb_21_Fred_W1_T1",2021-02-09,-21.01225,154.34671,34.8,28,"slope_terrace","gentle_slope",1,"invertivore-mobile",394.605630657212
"Feb_21","Frederick","Fred_W1","T1","Feb_21_Fred_W1_T1",2021-02-09,-21.01225,154.34671,34.8,28,"slope_terrace","gentle_slope",1,"omnivore",993.874214163168
"Feb_21","Frederick","Fred_W1","T1","Feb_21_Fred_W1_T1",2021-02-09,-21.01225,154.34671,34.8,28,"slope_terrace","gentle_slope",1,"piscivore",29170.094623331
"Feb_21","Frederick","Fred_W1","T1","Feb_21_Fred_W1_T1",2021-02-09,-21.01225,154.34671,34.8,28,"slope_terrace","gentle_slope",1,"planktivore",2971.00817337678
"Feb_21","Frederick","Fred_W1","T2","Feb_21_Fred_W1_T2",2021-02-09,-21.01225,154.34671,40,27.5,"slope_terrace","flat",1,"invertivore-mobile",41.2143653250897
"Feb_21","Frederick","Fred_W1","T2","Feb_21_Fred_W1_T2",2021-02-09,-21.01225,154.34671,40,27.5,"slope_terrace","flat",1,"piscivore",55657.0884208856
"Feb_21","Herald","Herald_1","T1","Feb_21_Herald_1_T1",2021-02-15,-16.9711,149.12769,34.3,29.9,"passage","flat",3,"herbivore-detritivore",171.848027979916
"Feb_21","Herald","Herald_1","T1","Feb_21_Herald_1_T1",2021-02-15,-16.9711,149.12769,34.3,29.9,"passage","flat",3,"invertivore-mobile",5504.632915912
"Feb_21","Herald","Herald_1","T1","Feb_21_Herald_1_T1",2021-02-15,-16.9711,149.12769,34.3,29.9,"passage","flat",3,"invertivore-sessile",51.7121970980823
"Feb_21","Herald","Herald_1","T1","Feb_21_Herald_1_T1",2021-02-15,-16.9711,149.12769,34.3,29.9,"passage","flat",3,"omnivore",0.0201616913836728
"Feb_21","Herald","Herald_1","T1","Feb_21_Herald_1_T1",2021-02-15,-16.9711,149.12769,34.3,29.9,"passage","flat",3,"piscivore",218.928893476474
"Feb_21","Herald","Herald_1","T1","Feb_21_Herald_1_T1",2021-02-15,-16.9711,149.12769,34.3,29.9,"passage","flat",3,"planktivore",21954.0044248889
"Feb_21","Herald","Herald_1","T2","Feb_21_Herald_1_T2",2021-02-15,-16.9711,149.12769,35.3,29.8,"passage","flat",2,"invertivore-mobile",3231.56412845543
"Feb_21","Herald","Herald_1","T2","Feb_21_Herald_1_T2",2021-02-15,-16.9711,149.12769,35.3,29.8,"passage","flat",2,"omnivore",723.020511686763
"Feb_21","Herald","Herald_1","T2","Feb_21_Herald_1_T2",2021-02-15,-16.9711,149.12769,35.3,29.8,"passage","flat",2,"planktivore",958.311971995352
"Feb_21","Herald","Herald_1","T3","Feb_21_Herald_1_T3",2021-02-15,-16.9711,149.12769,37.6,29.4,"passage","flat",1,"invertivore-mobile",899.986188356028
"Feb_21","Herald","Herald_1","T4","Feb_21_Herald_1_T4",2021-02-15,-16.9711,149.12769,43.5,29.2,"slope_terrace","gentle_slope",2,"herbivore-detritivore",793.256935100678
"Feb_21","Herald","Herald_1","T4","Feb_21_Herald_1_T4",2021-02-15,-16.9711,149.12769,43.5,29.2,"slope_terrace","gentle_slope",2,"invertivore-mobile",412.217029807608
"Feb_21","Herald","Herald_1","T4","Feb_21_Herald_1_T4",2021-02-15,-16.9711,149.12769,43.5,29.2,"slope_terrace","gentle_slope",2,"omnivore",1793.13033651594
"Feb_21","Herald","Herald_1","T4","Feb_21_Herald_1_T4",2021-02-15,-16.9711,149.12769,43.5,29.2,"slope_terrace","gentle_slope",2,"piscivore",17934.1109999155
"Feb_21","Herald","Herald_1","T4","Feb_21_Herald_1_T4",2021-02-15,-16.9711,149.12769,43.5,29.2,"slope_terrace","gentle_slope",2,"planktivore",323.359055325291
"Feb_21","Herald","Herald_1","T5","Feb_21_Herald_1_T5",2021-02-15,-16.9711,149.12769,43.8,29,"slope_terrace","gentle_slope",2,"herbivore-detritivore",765.821221726841
"Feb_21","Herald","Herald_1","T5","Feb_21_Herald_1_T5",2021-02-15,-16.9711,149.12769,43.8,29,"slope_terrace","gentle_slope",2,"invertivore-mobile",878.073901467525
"Feb_21","Herald","Herald_1","T5","Feb_21_Herald_1_T5",2021-02-15,-16.9711,149.12769,43.8,29,"slope_terrace","gentle_slope",2,"omnivore",88.2724668695472
"Feb_21","Herald","Herald_1","T5","Feb_21_Herald_1_T5",2021-02-15,-16.9711,149.12769,43.8,29,"slope_terrace","gentle_slope",2,"planktivore",409.140704583461
"Feb_21","Herald","Herald_1","T6","Feb_21_Herald_1_T6",2021-02-15,-16.9711,149.12769,41.7,29.1,"slope_terrace","gentle_slope",2,"herbivore-detritivore",1545.96086990999
"Feb_21","Herald","Herald_1","T6","Feb_21_Herald_1_T6",2021-02-15,-16.9711,149.12769,41.7,29.1,"slope_terrace","gentle_slope",2,"herbivore-macroalgae",1895.95321225865
"Feb_21","Herald","Herald_1","T6","Feb_21_Herald_1_T6",2021-02-15,-16.9711,149.12769,41.7,29.1,"slope_terrace","gentle_slope",2,"invertivore-mobile",16106.5584659855
"Feb_21","Herald","Herald_1","T6","Feb_21_Herald_1_T6",2021-02-15,-16.9711,149.12769,41.7,29.1,"slope_terrace","gentle_slope",2,"omnivore",740.229342939961
"Feb_21","Herald","Herald_1","T6","Feb_21_Herald_1_T6",2021-02-15,-16.9711,149.12769,41.7,29.1,"slope_terrace","gentle_slope",2,"piscivore",37.9303089176827
"Feb_21","Herald","Herald_1","T6","Feb_21_Herald_1_T6",2021-02-15,-16.9711,149.12769,41.7,29.1,"slope_terrace","gentle_slope",2,"planktivore",1092.84702573012
"Feb_21","Herald","Herald_1","T7","Feb_21_Herald_1_T7",2021-02-15,-16.9711,149.12769,40.5,29.1,"slope_terrace","gentle_slope",2,"herbivore-detritivore",1453.6215878877
"Feb_21","Herald","Herald_1","T7","Feb_21_Herald_1_T7",2021-02-15,-16.9711,149.12769,40.5,29.1,"slope_terrace","gentle_slope",2,"herbivore-macroalgae",707.480015126891
"Feb_21","Herald","Herald_1","T7","Feb_21_Herald_1_T7",2021-02-15,-16.9711,149.12769,40.5,29.1,"slope_terrace","gentle_slope",2,"invertivore-mobile",3483.46411757491
"Feb_21","Herald","Herald_1","T7","Feb_21_Herald_1_T7",2021-02-15,-16.9711,149.12769,40.5,29.1,"slope_terrace","gentle_slope",2,"invertivore-sessile",97.415382752236
"Feb_21","Herald","Herald_1","T7","Feb_21_Herald_1_T7",2021-02-15,-16.9711,149.12769,40.5,29.1,"slope_terrace","gentle_slope",2,"omnivore",438.361186206725
"Feb_21","Herald","Herald_1","T7","Feb_21_Herald_1_T7",2021-02-15,-16.9711,149.12769,40.5,29.1,"slope_terrace","gentle_slope",2,"piscivore",15853.7045256919
"Feb_21","Herald","Herald_1","T7","Feb_21_Herald_1_T7",2021-02-15,-16.9711,149.12769,40.5,29.1,"slope_terrace","gentle_slope",2,"planktivore",14953.1322442515
"Feb_21","Herald","Herald_1","T8","Feb_21_Herald_1_T8",2021-02-15,-16.9711,149.12769,40.4,29.2,"slope_terrace","gentle_slope",2,"herbivore-detritivore",3162.14364436428
"Feb_21","Herald","Herald_1","T8","Feb_21_Herald_1_T8",2021-02-15,-16.9711,149.12769,40.4,29.2,"slope_terrace","gentle_slope",2,"invertivore-mobile",1884.00626877146
"Feb_21","Herald","Herald_1","T8","Feb_21_Herald_1_T8",2021-02-15,-16.9711,149.12769,40.4,29.2,"slope_terrace","gentle_slope",2,"invertivore-sessile",230.580394579351
"Feb_21","Herald","Herald_1","T8","Feb_21_Herald_1_T8",2021-02-15,-16.9711,149.12769,40.4,29.2,"slope_terrace","gentle_slope",2,"omnivore",1780.03977824087
"Feb_21","Herald","Herald_1","T8","Feb_21_Herald_1_T8",2021-02-15,-16.9711,149.12769,40.4,29.2,"slope_terrace","gentle_slope",2,"piscivore",8085.09969051701
"Feb_21","Herald","Herald_1","T8","Feb_21_Herald_1_T8",2021-02-15,-16.9711,149.12769,40.4,29.2,"slope_terrace","gentle_slope",2,"planktivore",2981.58481346091
"Feb_21","Herald","Herald_1","T9","Feb_21_Herald_1_T9",2021-02-15,-16.9711,149.12769,37.1,29.3,"slope_terrace","gentle_slope",3,"herbivore-detritivore",7923.26684036158
"Feb_21","Herald","Herald_1","T9","Feb_21_Herald_1_T9",2021-02-15,-16.9711,149.12769,37.1,29.3,"slope_terrace","gentle_slope",3,"herbivore-macroalgae",3274.18343732024
"Feb_21","Herald","Herald_1","T9","Feb_21_Herald_1_T9",2021-02-15,-16.9711,149.12769,37.1,29.3,"slope_terrace","gentle_slope",3,"invertivore-mobile",3603.2465269979
"Feb_21","Herald","Herald_1","T9","Feb_21_Herald_1_T9",2021-02-15,-16.9711,149.12769,37.1,29.3,"slope_terrace","gentle_slope",3,"omnivore",1200.87152035643
"Feb_21","Herald","Herald_1","T9","Feb_21_Herald_1_T9",2021-02-15,-16.9711,149.12769,37.1,29.3,"slope_terrace","gentle_slope",3,"piscivore",5409.92000551894
"Feb_21","Herald","Herald_1","T9","Feb_21_Herald_1_T9",2021-02-15,-16.9711,149.12769,37.1,29.3,"slope_terrace","gentle_slope",3,"planktivore",8137.53147698436
"Feb_21","Holmes","Holmes_2","T1","Feb_21_Holmes_2_T1",2021-02-21,-16.42536,147.98399,62.7,27.1,"outer_reef","steep_slope",3,"herbivore-detritivore",16.840434527571
"Feb_21","Holmes","Holmes_2","T1","Feb_21_Holmes_2_T1",2021-02-21,-16.42536,147.98399,62.7,27.1,"outer_reef","steep_slope",3,"invertivore-mobile",197.653775668971
"Feb_21","Holmes","Holmes_2","T1","Feb_21_Holmes_2_T1",2021-02-21,-16.42536,147.98399,62.7,27.1,"outer_reef","steep_slope",3,"omnivore",57.8296406135833
"Feb_21","Holmes","Holmes_2","T1","Feb_21_Holmes_2_T1",2021-02-21,-16.42536,147.98399,62.7,27.1,"outer_reef","steep_slope",3,"piscivore",27.4799651889088
"Feb_21","Holmes","Holmes_2","T1","Feb_21_Holmes_2_T1",2021-02-21,-16.42536,147.98399,62.7,27.1,"outer_reef","steep_slope",3,"planktivore",228.956805789026
"Feb_21","Holmes","Holmes_2","T10","Feb_21_Holmes_2_T10",2021-02-21,-16.42536,147.98399,37,28,"outer_reef","gentle_slope",2,"herbivore-detritivore",729.096112875158
"Feb_21","Holmes","Holmes_2","T10","Feb_21_Holmes_2_T10",2021-02-21,-16.42536,147.98399,37,28,"outer_reef","gentle_slope",2,"invertivore-mobile",656.191251068095
"Feb_21","Holmes","Holmes_2","T10","Feb_21_Holmes_2_T10",2021-02-21,-16.42536,147.98399,37,28,"outer_reef","gentle_slope",2,"omnivore",220.69459157876
"Feb_21","Holmes","Holmes_2","T10","Feb_21_Holmes_2_T10",2021-02-21,-16.42536,147.98399,37,28,"outer_reef","gentle_slope",2,"planktivore",1289.23804263114
"Feb_21","Holmes","Holmes_2","T11","Feb_21_Holmes_2_T11",2021-02-21,-16.42536,147.98399,35,28.4,"slope_terrace","gentle_slope",2,"herbivore-detritivore",8464.77183192614
"Feb_21","Holmes","Holmes_2","T11","Feb_21_Holmes_2_T11",2021-02-21,-16.42536,147.98399,35,28.4,"slope_terrace","gentle_slope",2,"herbivore-macroalgae",786.793462131698
"Feb_21","Holmes","Holmes_2","T11","Feb_21_Holmes_2_T11",2021-02-21,-16.42536,147.98399,35,28.4,"slope_terrace","gentle_slope",2,"invertivore-mobile",451.349531977193
"Feb_21","Holmes","Holmes_2","T11","Feb_21_Holmes_2_T11",2021-02-21,-16.42536,147.98399,35,28.4,"slope_terrace","gentle_slope",2,"omnivore",3105.26647985182
"Feb_21","Holmes","Holmes_2","T11","Feb_21_Holmes_2_T11",2021-02-21,-16.42536,147.98399,35,28.4,"slope_terrace","gentle_slope",2,"piscivore",7220.38217285822
"Feb_21","Holmes","Holmes_2","T11","Feb_21_Holmes_2_T11",2021-02-21,-16.42536,147.98399,35,28.4,"slope_terrace","gentle_slope",2,"planktivore",7512.53541646897
"Feb_21","Holmes","Holmes_2","T12","Feb_21_Holmes_2_T12",2021-02-21,-16.42536,147.98399,31.2,29.2,"slope_terrace","gentle_slope",2,"herbivore-detritivore",3169.31845021506
"Feb_21","Holmes","Holmes_2","T12","Feb_21_Holmes_2_T12",2021-02-21,-16.42536,147.98399,31.2,29.2,"slope_terrace","gentle_slope",2,"invertivore-mobile",641.566941184763
"Feb_21","Holmes","Holmes_2","T12","Feb_21_Holmes_2_T12",2021-02-21,-16.42536,147.98399,31.2,29.2,"slope_terrace","gentle_slope",2,"invertivore-sessile",60.404990484509
"Feb_21","Holmes","Holmes_2","T12","Feb_21_Holmes_2_T12",2021-02-21,-16.42536,147.98399,31.2,29.2,"slope_terrace","gentle_slope",2,"piscivore",12496.1248838629
"Feb_21","Holmes","Holmes_2","T12","Feb_21_Holmes_2_T12",2021-02-21,-16.42536,147.98399,31.2,29.2,"slope_terrace","gentle_slope",2,"planktivore",15.1333733275202
"Feb_21","Holmes","Holmes_2","T13","Feb_21_Holmes_2_T13",2021-02-21,-16.42536,147.98399,28,29.4,"slope_terrace","gentle_slope",2,"herbivore-detritivore",1553.31620528767
"Feb_21","Holmes","Holmes_2","T13","Feb_21_Holmes_2_T13",2021-02-21,-16.42536,147.98399,28,29.4,"slope_terrace","gentle_slope",2,"invertivore-mobile",1508.67337139109
"Feb_21","Holmes","Holmes_2","T13","Feb_21_Holmes_2_T13",2021-02-21,-16.42536,147.98399,28,29.4,"slope_terrace","gentle_slope",2,"omnivore",553.089742787811
"Feb_21","Holmes","Holmes_2","T13","Feb_21_Holmes_2_T13",2021-02-21,-16.42536,147.98399,28,29.4,"slope_terrace","gentle_slope",2,"piscivore",47864.6420223632
"Feb_21","Holmes","Holmes_2","T13","Feb_21_Holmes_2_T13",2021-02-21,-16.42536,147.98399,28,29.4,"slope_terrace","gentle_slope",2,"planktivore",1026.86080007772
"Feb_21","Holmes","Holmes_2","T2","Feb_21_Holmes_2_T2",2021-02-21,-16.42536,147.98399,63.7,26.3,"outer_reef","steep_slope",3,"herbivore-detritivore",399.041775315775
"Feb_21","Holmes","Holmes_2","T2","Feb_21_Holmes_2_T2",2021-02-21,-16.42536,147.98399,63.7,26.3,"outer_reef","steep_slope",3,"invertivore-mobile",1677.78047075487
"Feb_21","Holmes","Holmes_2","T2","Feb_21_Holmes_2_T2",2021-02-21,-16.42536,147.98399,63.7,26.3,"outer_reef","steep_slope",3,"invertivore-sessile",0.211167456633849
"Feb_21","Holmes","Holmes_2","T2","Feb_21_Holmes_2_T2",2021-02-21,-16.42536,147.98399,63.7,26.3,"outer_reef","steep_slope",3,"omnivore",71.0725695196903
"Feb_21","Holmes","Holmes_2","T2","Feb_21_Holmes_2_T2",2021-02-21,-16.42536,147.98399,63.7,26.3,"outer_reef","steep_slope",3,"piscivore",0.163501058490265
"Feb_21","Holmes","Holmes_2","T2","Feb_21_Holmes_2_T2",2021-02-21,-16.42536,147.98399,63.7,26.3,"outer_reef","steep_slope",3,"planktivore",268.501277558633
"Feb_21","Holmes","Holmes_2","T3","Feb_21_Holmes_2_T3",2021-02-21,-16.42536,147.98399,64.2,26.6,"outer_reef","steep_slope",4,"invertivore-mobile",156.753986729186
"Feb_21","Holmes","Holmes_2","T3","Feb_21_Holmes_2_T3",2021-02-21,-16.42536,147.98399,64.2,26.6,"outer_reef","steep_slope",4,"invertivore-sessile",184.035929673739
"Feb_21","Holmes","Holmes_2","T3","Feb_21_Holmes_2_T3",2021-02-21,-16.42536,147.98399,64.2,26.6,"outer_reef","steep_slope",4,"omnivore",0.0278511640419148
"Feb_21","Holmes","Holmes_2","T3","Feb_21_Holmes_2_T3",2021-02-21,-16.42536,147.98399,64.2,26.6,"outer_reef","steep_slope",4,"piscivore",159.724353083754
"Feb_21","Holmes","Holmes_2","T3","Feb_21_Holmes_2_T3",2021-02-21,-16.42536,147.98399,64.2,26.6,"outer_reef","steep_slope",4,"planktivore",377.796162702488
"Feb_21","Holmes","Holmes_2","T4","Feb_21_Holmes_2_T4",2021-02-21,-16.42536,147.98399,63.2,26.5,"outer_reef","steep_slope",4,"herbivore-detritivore",83.4092725273215
"Feb_21","Holmes","Holmes_2","T4","Feb_21_Holmes_2_T4",2021-02-21,-16.42536,147.98399,63.2,26.5,"outer_reef","steep_slope",4,"herbivore-macroalgae",1.02754418031877
"Feb_21","Holmes","Holmes_2","T4","Feb_21_Holmes_2_T4",2021-02-21,-16.42536,147.98399,63.2,26.5,"outer_reef","steep_slope",4,"invertivore-mobile",97.880576615126
"Feb_21","Holmes","Holmes_2","T4","Feb_21_Holmes_2_T4",2021-02-21,-16.42536,147.98399,63.2,26.5,"outer_reef","steep_slope",4,"invertivore-sessile",0.198951626455246
"Feb_21","Holmes","Holmes_2","T4","Feb_21_Holmes_2_T4",2021-02-21,-16.42536,147.98399,63.2,26.5,"outer_reef","steep_slope",4,"omnivore",35.1603355473557
"Feb_21","Holmes","Holmes_2","T4","Feb_21_Holmes_2_T4",2021-02-21,-16.42536,147.98399,63.2,26.5,"outer_reef","steep_slope",4,"planktivore",214.368189265348
"Feb_21","Holmes","Holmes_2","T5","Feb_21_Holmes_2_T5",2021-02-21,-16.42536,147.98399,63.1,26.4,"outer_reef","steep_slope",3,"omnivore",0.0712548856952536
"Feb_21","Holmes","Holmes_2","T5","Feb_21_Holmes_2_T5",2021-02-21,-16.42536,147.98399,63.1,26.4,"outer_reef","steep_slope",3,"piscivore",30.0105862433168
"Feb_21","Holmes","Holmes_2","T5","Feb_21_Holmes_2_T5",2021-02-21,-16.42536,147.98399,63.1,26.4,"outer_reef","steep_slope",3,"planktivore",346.102828380426
"Feb_21","Holmes","Holmes_2","T6","Feb_21_Holmes_2_T6",2021-02-21,-16.42536,147.98399,56.6,26.7,"outer_reef","steep_slope",3,"herbivore-detritivore",355.033098358064
"Feb_21","Holmes","Holmes_2","T6","Feb_21_Holmes_2_T6",2021-02-21,-16.42536,147.98399,56.6,26.7,"outer_reef","steep_slope",3,"invertivore-mobile",580.660629096918
"Feb_21","Holmes","Holmes_2","T6","Feb_21_Holmes_2_T6",2021-02-21,-16.42536,147.98399,56.6,26.7,"outer_reef","steep_slope",3,"omnivore",0.00782644247615139
"Feb_21","Holmes","Holmes_2","T6","Feb_21_Holmes_2_T6",2021-02-21,-16.42536,147.98399,56.6,26.7,"outer_reef","steep_slope",3,"piscivore",186.755214673081
"Feb_21","Holmes","Holmes_2","T6","Feb_21_Holmes_2_T6",2021-02-21,-16.42536,147.98399,56.6,26.7,"outer_reef","steep_slope",3,"planktivore",5862.60116567611
"Feb_21","Holmes","Holmes_2","T7","Feb_21_Holmes_2_T7",2021-02-21,-16.42536,147.98399,54.5,26.8,"outer_reef","steep_slope",4,"herbivore-detritivore",5657.62317897747
"Feb_21","Holmes","Holmes_2","T7","Feb_21_Holmes_2_T7",2021-02-21,-16.42536,147.98399,54.5,26.8,"outer_reef","steep_slope",4,"invertivore-mobile",708.964408367262
"Feb_21","Holmes","Holmes_2","T7","Feb_21_Holmes_2_T7",2021-02-21,-16.42536,147.98399,54.5,26.8,"outer_reef","steep_slope",4,"omnivore",2599.81409134013
"Feb_21","Holmes","Holmes_2","T7","Feb_21_Holmes_2_T7",2021-02-21,-16.42536,147.98399,54.5,26.8,"outer_reef","steep_slope",4,"piscivore",0.396365939441155
"Feb_21","Holmes","Holmes_2","T7","Feb_21_Holmes_2_T7",2021-02-21,-16.42536,147.98399,54.5,26.8,"outer_reef","steep_slope",4,"planktivore",1448.69969355607
"Feb_21","Holmes","Holmes_2","T8","Feb_21_Holmes_2_T8",2021-02-21,-16.42536,147.98399,46.6,26.9,"outer_reef","wall",4,"herbivore-detritivore",0.0612678214862017
"Feb_21","Holmes","Holmes_2","T8","Feb_21_Holmes_2_T8",2021-02-21,-16.42536,147.98399,46.6,26.9,"outer_reef","wall",4,"invertivore-mobile",0.635862947041759
"Feb_21","Holmes","Holmes_2","T8","Feb_21_Holmes_2_T8",2021-02-21,-16.42536,147.98399,46.6,26.9,"outer_reef","wall",4,"omnivore",165.282056920042
"Feb_21","Holmes","Holmes_2","T8","Feb_21_Holmes_2_T8",2021-02-21,-16.42536,147.98399,46.6,26.9,"outer_reef","wall",4,"piscivore",0.0730813795934107
"Feb_21","Holmes","Holmes_2","T8","Feb_21_Holmes_2_T8",2021-02-21,-16.42536,147.98399,46.6,26.9,"outer_reef","wall",4,"planktivore",683.613524248556
"Feb_21","Holmes","Holmes_2","T9","Feb_21_Holmes_2_T9",2021-02-21,-16.42536,147.98399,45,27,"outer_reef","wall",4,"herbivore-detritivore",0.221428568472022
"Feb_21","Holmes","Holmes_2","T9","Feb_21_Holmes_2_T9",2021-02-21,-16.42536,147.98399,45,27,"outer_reef","wall",4,"invertivore-mobile",452.898734819185
"Feb_21","Holmes","Holmes_2","T9","Feb_21_Holmes_2_T9",2021-02-21,-16.42536,147.98399,45,27,"outer_reef","wall",4,"invertivore-sessile",0.278359248934472
"Feb_21","Holmes","Holmes_2","T9","Feb_21_Holmes_2_T9",2021-02-21,-16.42536,147.98399,45,27,"outer_reef","wall",4,"omnivore",0.441160252861878
"Feb_21","Holmes","Holmes_2","T9","Feb_21_Holmes_2_T9",2021-02-21,-16.42536,147.98399,45,27,"outer_reef","wall",4,"piscivore",0.830678014281837
"Feb_21","Holmes","Holmes_2","T9","Feb_21_Holmes_2_T9",2021-02-21,-16.42536,147.98399,45,27,"outer_reef","wall",4,"planktivore",1000.92380984361
"Feb_21","Kenn","Kenn_1","T1","Feb_21_Kenn_1_T1",2021-02-08,-21.21291,155.78185,40.8,26.3,"outer_reef","steep_slope",4,"herbivore-detritivore",251.143367664433
"Feb_21","Kenn","Kenn_1","T1","Feb_21_Kenn_1_T1",2021-02-08,-21.21291,155.78185,40.8,26.3,"outer_reef","steep_slope",4,"herbivore-macroalgae",261.358735791253
"Feb_21","Kenn","Kenn_1","T1","Feb_21_Kenn_1_T1",2021-02-08,-21.21291,155.78185,40.8,26.3,"outer_reef","steep_slope",4,"invertivore-mobile",750.099228275075
"Feb_21","Kenn","Kenn_1","T1","Feb_21_Kenn_1_T1",2021-02-08,-21.21291,155.78185,40.8,26.3,"outer_reef","steep_slope",4,"invertivore-sessile",12.8899037973098
"Feb_21","Kenn","Kenn_1","T1","Feb_21_Kenn_1_T1",2021-02-08,-21.21291,155.78185,40.8,26.3,"outer_reef","steep_slope",4,"omnivore",84.4106589824169
"Feb_21","Kenn","Kenn_1","T1","Feb_21_Kenn_1_T1",2021-02-08,-21.21291,155.78185,40.8,26.3,"outer_reef","steep_slope",4,"piscivore",2872.14837678946
"Feb_21","Kenn","Kenn_1","T1","Feb_21_Kenn_1_T1",2021-02-08,-21.21291,155.78185,40.8,26.3,"outer_reef","steep_slope",4,"planktivore",196.731167074537
"Feb_21","Kenn","Kenn_1","T2","Feb_21_Kenn_1_T2",2021-02-08,-21.21291,155.78185,31.1,26.5,"outer_reef","steep_slope",4,"herbivore-detritivore",286.137427281971
"Feb_21","Kenn","Kenn_1","T2","Feb_21_Kenn_1_T2",2021-02-08,-21.21291,155.78185,31.1,26.5,"outer_reef","steep_slope",4,"invertivore-mobile",692.790450394683
"Feb_21","Kenn","Kenn_1","T2","Feb_21_Kenn_1_T2",2021-02-08,-21.21291,155.78185,31.1,26.5,"outer_reef","steep_slope",4,"omnivore",539.622637749487
"Feb_21","Kenn","Kenn_1","T2","Feb_21_Kenn_1_T2",2021-02-08,-21.21291,155.78185,31.1,26.5,"outer_reef","steep_slope",4,"piscivore",20.0068955339708
"Feb_21","Kenn","Kenn_1","T2","Feb_21_Kenn_1_T2",2021-02-08,-21.21291,155.78185,31.1,26.5,"outer_reef","steep_slope",4,"planktivore",4859.95992919162
"Feb_21","Kenn","Kenn_1","T3","Feb_21_Kenn_1_T3",2021-02-08,-21.21291,155.78185,31.4,26.4,"slope_terrace","gentle_slope",3,"herbivore-detritivore",6036.5688399564
"Feb_21","Kenn","Kenn_1","T3","Feb_21_Kenn_1_T3",2021-02-08,-21.21291,155.78185,31.4,26.4,"slope_terrace","gentle_slope",3,"herbivore-macroalgae",784.076207373759
"Feb_21","Kenn","Kenn_1","T3","Feb_21_Kenn_1_T3",2021-02-08,-21.21291,155.78185,31.4,26.4,"slope_terrace","gentle_slope",3,"invertivore-mobile",82.3600850997739
"Feb_21","Kenn","Kenn_1","T3","Feb_21_Kenn_1_T3",2021-02-08,-21.21291,155.78185,31.4,26.4,"slope_terrace","gentle_slope",3,"omnivore",105.513323728021
"Feb_21","Kenn","Kenn_1","T3","Feb_21_Kenn_1_T3",2021-02-08,-21.21291,155.78185,31.4,26.4,"slope_terrace","gentle_slope",3,"piscivore",1319.63663477196
"Feb_21","Kenn","Kenn_1","T3","Feb_21_Kenn_1_T3",2021-02-08,-21.21291,155.78185,31.4,26.4,"slope_terrace","gentle_slope",3,"planktivore",14412.0240282376
"Feb_21","Kenn","Kenn_1","T4","Feb_21_Kenn_1_T4",2021-02-08,-21.21291,155.78185,32.3,26.4,"slope_terrace","gentle_slope",3,"herbivore-detritivore",196.653214182065
"Feb_21","Kenn","Kenn_1","T4","Feb_21_Kenn_1_T4",2021-02-08,-21.21291,155.78185,32.3,26.4,"slope_terrace","gentle_slope",3,"invertivore-mobile",94.2876517947943
"Feb_21","Kenn","Kenn_1","T4","Feb_21_Kenn_1_T4",2021-02-08,-21.21291,155.78185,32.3,26.4,"slope_terrace","gentle_slope",3,"omnivore",641.856119822631
"Feb_21","Kenn","Kenn_1","T4","Feb_21_Kenn_1_T4",2021-02-08,-21.21291,155.78185,32.3,26.4,"slope_terrace","gentle_slope",3,"piscivore",12211.9722717534
"Feb_21","Kenn","Kenn_1","T4","Feb_21_Kenn_1_T4",2021-02-08,-21.21291,155.78185,32.3,26.4,"slope_terrace","gentle_slope",3,"planktivore",12702.3704103034
"Feb_21","Lihou","Lihou_N1","T1","Feb_21_Lihou_N1_T1",2021-02-12,-17.11619,151.83479,45.1,27.7,"lagoon","flat",2,"herbivore-detritivore",242.211629240976
"Feb_21","Lihou","Lihou_N1","T1","Feb_21_Lihou_N1_T1",2021-02-12,-17.11619,151.83479,45.1,27.7,"lagoon","flat",2,"invertivore-mobile",676.570791478312
"Feb_21","Lihou","Lihou_N1","T1","Feb_21_Lihou_N1_T1",2021-02-12,-17.11619,151.83479,45.1,27.7,"lagoon","flat",2,"omnivore",702.927836455805
"Feb_21","Lihou","Lihou_N1","T1","Feb_21_Lihou_N1_T1",2021-02-12,-17.11619,151.83479,45.1,27.7,"lagoon","flat",2,"planktivore",1030.12854453102
"Feb_21","Lihou","Lihou_N1","T10","Feb_21_Lihou_N1_T10",2021-02-12,-17.11619,151.83479,50.1,25.3,"outer_reef","steep_slope",1,"invertivore-mobile",429.816660346942
"Feb_21","Lihou","Lihou_N1","T10","Feb_21_Lihou_N1_T10",2021-02-12,-17.11619,151.83479,50.1,25.3,"outer_reef","steep_slope",1,"planktivore",131.429554730709
"Feb_21","Lihou","Lihou_N1","T11","Feb_21_Lihou_N1_T11",2021-02-12,-17.11619,151.83479,50.1,25.7,"outer_reef","steep_slope",3,"invertivore-mobile",0.45925454893228
"Feb_21","Lihou","Lihou_N1","T11","Feb_21_Lihou_N1_T11",2021-02-12,-17.11619,151.83479,50.1,25.7,"outer_reef","steep_slope",3,"invertivore-sessile",1.16884199819743
"Feb_21","Lihou","Lihou_N1","T11","Feb_21_Lihou_N1_T11",2021-02-12,-17.11619,151.83479,50.1,25.7,"outer_reef","steep_slope",3,"omnivore",0.452570371514423
"Feb_21","Lihou","Lihou_N1","T11","Feb_21_Lihou_N1_T11",2021-02-12,-17.11619,151.83479,50.1,25.7,"outer_reef","steep_slope",3,"piscivore",2.52172716058024
"Feb_21","Lihou","Lihou_N1","T11","Feb_21_Lihou_N1_T11",2021-02-12,-17.11619,151.83479,50.1,25.7,"outer_reef","steep_slope",3,"planktivore",103.436772501109
"Feb_21","Lihou","Lihou_N1","T12","Feb_21_Lihou_N1_T12",2021-02-12,-17.11619,151.83479,55.6,27.9,"outer_reef","steep_slope",4,"herbivore-detritivore",40.5382231746968
"Feb_21","Lihou","Lihou_N1","T12","Feb_21_Lihou_N1_T12",2021-02-12,-17.11619,151.83479,55.6,27.9,"outer_reef","steep_slope",4,"invertivore-mobile",0.2569503718084
"Feb_21","Lihou","Lihou_N1","T12","Feb_21_Lihou_N1_T12",2021-02-12,-17.11619,151.83479,55.6,27.9,"outer_reef","steep_slope",4,"omnivore",0.0129752836264393
"Feb_21","Lihou","Lihou_N1","T12","Feb_21_Lihou_N1_T12",2021-02-12,-17.11619,151.83479,55.6,27.9,"outer_reef","steep_slope",4,"planktivore",2.56994213098609
"Feb_21","Lihou","Lihou_N1","T13","Feb_21_Lihou_N1_T13",2021-02-12,-17.11619,151.83479,55.2,28,"outer_reef","steep_slope",3,"herbivore-detritivore",0.917462007858057
"Feb_21","Lihou","Lihou_N1","T13","Feb_21_Lihou_N1_T13",2021-02-12,-17.11619,151.83479,55.2,28,"outer_reef","steep_slope",3,"invertivore-mobile",0.630521240439169
"Feb_21","Lihou","Lihou_N1","T13","Feb_21_Lihou_N1_T13",2021-02-12,-17.11619,151.83479,55.2,28,"outer_reef","steep_slope",3,"omnivore",0.772368601191165
"Feb_21","Lihou","Lihou_N1","T13","Feb_21_Lihou_N1_T13",2021-02-12,-17.11619,151.83479,55.2,28,"outer_reef","steep_slope",3,"planktivore",13.9994637035647
"Feb_21","Lihou","Lihou_N1","T2","Feb_21_Lihou_N1_T2",2021-02-12,-17.11619,151.83479,31.2,28.3,"lagoon","flat",1,"invertivore-mobile",2767.53368460129
"Feb_21","Lihou","Lihou_N1","T2","Feb_21_Lihou_N1_T2",2021-02-12,-17.11619,151.83479,31.2,28.3,"lagoon","flat",1,"omnivore",2.90296345939012
"Feb_21","Lihou","Lihou_N1","T2","Feb_21_Lihou_N1_T2",2021-02-12,-17.11619,151.83479,31.2,28.3,"lagoon","flat",1,"planktivore",60.5371185361716
"Feb_21","Lihou","Lihou_N1","T3","Feb_21_Lihou_N1_T3",2021-02-12,-17.11619,151.83479,30.8,28.3,"lagoon","flat",2,"herbivore-detritivore",0.0492357270713951
"Feb_21","Lihou","Lihou_N1","T3","Feb_21_Lihou_N1_T3",2021-02-12,-17.11619,151.83479,30.8,28.3,"lagoon","flat",2,"invertivore-mobile",88.8352753195332
"Feb_21","Lihou","Lihou_N1","T3","Feb_21_Lihou_N1_T3",2021-02-12,-17.11619,151.83479,30.8,28.3,"lagoon","flat",2,"omnivore",29.5339659118129
"Feb_21","Lihou","Lihou_N1","T4","Feb_21_Lihou_N1_T4",2021-02-12,-17.11619,151.83479,33,28.3,"lagoon","flat",2,"invertivore-mobile",122.031861958847
"Feb_21","Lihou","Lihou_N1","T4","Feb_21_Lihou_N1_T4",2021-02-12,-17.11619,151.83479,33,28.3,"lagoon","flat",2,"omnivore",33.7293539618541
"Feb_21","Lihou","Lihou_N1","T4","Feb_21_Lihou_N1_T4",2021-02-12,-17.11619,151.83479,33,28.3,"lagoon","flat",2,"piscivore",23.2381276789232
"Feb_21","Lihou","Lihou_N1","T4","Feb_21_Lihou_N1_T4",2021-02-12,-17.11619,151.83479,33,28.3,"lagoon","flat",2,"planktivore",136.247976546062
"Feb_21","Lihou","Lihou_N1","T5","Feb_21_Lihou_N1_T5",2021-02-12,-17.11619,151.83479,31.7,28,"lagoon","flat",2,"herbivore-detritivore",17.3680540587798
"Feb_21","Lihou","Lihou_N1","T5","Feb_21_Lihou_N1_T5",2021-02-12,-17.11619,151.83479,31.7,28,"lagoon","flat",2,"invertivore-mobile",1010.40464983527
"Feb_21","Lihou","Lihou_N1","T5","Feb_21_Lihou_N1_T5",2021-02-12,-17.11619,151.83479,31.7,28,"lagoon","flat",2,"omnivore",397.390207898074
"Feb_21","Lihou","Lihou_N1","T5","Feb_21_Lihou_N1_T5",2021-02-12,-17.11619,151.83479,31.7,28,"lagoon","flat",2,"planktivore",37.4546913253507
"Feb_21","Lihou","Lihou_N1","T6","Feb_21_Lihou_N1_T6",2021-02-12,-17.11619,151.83479,32.5,28,"passage","flat",2,"herbivore-detritivore",75.7699129122857
"Feb_21","Lihou","Lihou_N1","T6","Feb_21_Lihou_N1_T6",2021-02-12,-17.11619,151.83479,32.5,28,"passage","flat",2,"invertivore-mobile",2875.6579243891
"Feb_21","Lihou","Lihou_N1","T6","Feb_21_Lihou_N1_T6",2021-02-12,-17.11619,151.83479,32.5,28,"passage","flat",2,"omnivore",42.2053294912085
"Feb_21","Lihou","Lihou_N1","T6","Feb_21_Lihou_N1_T6",2021-02-12,-17.11619,151.83479,32.5,28,"passage","flat",2,"piscivore",557.441423697868
"Feb_21","Lihou","Lihou_N1","T6","Feb_21_Lihou_N1_T6",2021-02-12,-17.11619,151.83479,32.5,28,"passage","flat",2,"planktivore",342.654801738789
"Feb_21","Lihou","Lihou_N1","T7","Feb_21_Lihou_N1_T7",2021-02-12,-17.11619,151.83479,36.5,27.6,"passage","flat",3,"herbivore-detritivore",1789.45845035136
"Feb_21","Lihou","Lihou_N1","T7","Feb_21_Lihou_N1_T7",2021-02-12,-17.11619,151.83479,36.5,27.6,"passage","flat",3,"omnivore",8.06305665008012
"Feb_21","Lihou","Lihou_N1","T7","Feb_21_Lihou_N1_T7",2021-02-12,-17.11619,151.83479,36.5,27.6,"passage","flat",3,"planktivore",1150.74159293252
"Feb_21","Lihou","Lihou_N1","T8","Feb_21_Lihou_N1_T8",2021-02-12,-17.11619,151.83479,40,27.4,"outer_reef","gentle_slope",3,"herbivore-detritivore",53.6312896617325
"Feb_21","Lihou","Lihou_N1","T8","Feb_21_Lihou_N1_T8",2021-02-12,-17.11619,151.83479,40,27.4,"outer_reef","gentle_slope",3,"herbivore-macroalgae",1.20166793437463
"Feb_21","Lihou","Lihou_N1","T8","Feb_21_Lihou_N1_T8",2021-02-12,-17.11619,151.83479,40,27.4,"outer_reef","gentle_slope",3,"invertivore-mobile",211.858548102822
"Feb_21","Lihou","Lihou_N1","T8","Feb_21_Lihou_N1_T8",2021-02-12,-17.11619,151.83479,40,27.4,"outer_reef","gentle_slope",3,"omnivore",99.7297086883991
"Feb_21","Lihou","Lihou_N1","T8","Feb_21_Lihou_N1_T8",2021-02-12,-17.11619,151.83479,40,27.4,"outer_reef","gentle_slope",3,"piscivore",1869.33141472353
"Feb_21","Lihou","Lihou_N1","T8","Feb_21_Lihou_N1_T8",2021-02-12,-17.11619,151.83479,40,27.4,"outer_reef","gentle_slope",3,"planktivore",302.831282723239
"Feb_21","Lihou","Lihou_N1","T9","Feb_21_Lihou_N1_T9",2021-02-12,-17.11619,151.83479,44.8,27.7,"outer_reef","gentle_slope",2,"herbivore-detritivore",1892.93139199208
"Feb_21","Lihou","Lihou_N1","T9","Feb_21_Lihou_N1_T9",2021-02-12,-17.11619,151.83479,44.8,27.7,"outer_reef","gentle_slope",2,"invertivore-mobile",1739.27404306227
"Feb_21","Lihou","Lihou_N1","T9","Feb_21_Lihou_N1_T9",2021-02-12,-17.11619,151.83479,44.8,27.7,"outer_reef","gentle_slope",2,"invertivore-sessile",0.188562892990254
"Feb_21","Lihou","Lihou_N1","T9","Feb_21_Lihou_N1_T9",2021-02-12,-17.11619,151.83479,44.8,27.7,"outer_reef","gentle_slope",2,"omnivore",0.967159953130895
"Feb_21","Lihou","Lihou_N1","T9","Feb_21_Lihou_N1_T9",2021-02-12,-17.11619,151.83479,44.8,27.7,"outer_reef","gentle_slope",2,"piscivore",5383.17934774683
"Feb_21","Lihou","Lihou_N1","T9","Feb_21_Lihou_N1_T9",2021-02-12,-17.11619,151.83479,44.8,27.7,"outer_reef","gentle_slope",2,"planktivore",3955.62698077386
"Feb_21","Lihou","Lihou_S1","T1","Feb_21_Lihou_S1_T1",2021-02-11,-17.40091,151.87454,46.2,28.8,"lagoon","flat",1,"herbivore-detritivore",2446.9595432714
"Feb_21","Lihou","Lihou_S1","T1","Feb_21_Lihou_S1_T1",2021-02-11,-17.40091,151.87454,46.2,28.8,"lagoon","flat",1,"invertivore-mobile",1858.4464794925
"Feb_21","Lihou","Lihou_S1","T1","Feb_21_Lihou_S1_T1",2021-02-11,-17.40091,151.87454,46.2,28.8,"lagoon","flat",1,"invertivore-sessile",39.8392986437507
"Feb_21","Lihou","Lihou_S1","T1","Feb_21_Lihou_S1_T1",2021-02-11,-17.40091,151.87454,46.2,28.8,"lagoon","flat",1,"omnivore",42.2053294912084
"Feb_21","Lihou","Lihou_S1","T1","Feb_21_Lihou_S1_T1",2021-02-11,-17.40091,151.87454,46.2,28.8,"lagoon","flat",1,"piscivore",918.497241054927
"Feb_21","Lihou","Lihou_S1","T1","Feb_21_Lihou_S1_T1",2021-02-11,-17.40091,151.87454,46.2,28.8,"lagoon","flat",1,"planktivore",3.71244579240764
"Feb_21","Lihou","Lihou_S1","T2","Feb_21_Lihou_S1_T2",2021-02-11,-17.40091,151.87454,46.6,28.8,"lagoon","flat",1,"herbivore-detritivore",2692.60962230736
"Feb_21","Lihou","Lihou_S1","T2","Feb_21_Lihou_S1_T2",2021-02-11,-17.40091,151.87454,46.6,28.8,"lagoon","flat",1,"invertivore-mobile",2761.83407204992
"Feb_21","Lihou","Lihou_S1","T2","Feb_21_Lihou_S1_T2",2021-02-11,-17.40091,151.87454,46.6,28.8,"lagoon","flat",1,"planktivore",93.6367283133767
"Feb_21","Lihou","Lihou_S1","T4","Feb_21_Lihou_S1_T4",2021-02-11,-17.40091,151.87669,47.1,28.8,"lagoon","flat",0,"herbivore-detritivore",71.9899050006756
"Feb_21","Lihou","Lihou_S1","T4","Feb_21_Lihou_S1_T4",2021-02-11,-17.40091,151.87669,47.1,28.8,"lagoon","flat",0,"piscivore",19675.8440861849
"Feb_21","Lihou","Lihou_S1","T5","Feb_21_Lihou_S1_T5",2021-02-11,-17.40091,151.87669,46.4,28.8,"lagoon","flat",1,"herbivore-detritivore",2416.77846823558
"Feb_21","Lihou","Lihou_S1","T5","Feb_21_Lihou_S1_T5",2021-02-11,-17.40091,151.87669,46.4,28.8,"lagoon","flat",1,"invertivore-mobile",1205.34707285034
"Feb_21","Lihou","Lihou_S1","T5","Feb_21_Lihou_S1_T5",2021-02-11,-17.40091,151.87669,46.4,28.8,"lagoon","flat",1,"piscivore",918.497241054927
"Feb_21","Lihou","Lihou_S1","T5","Feb_21_Lihou_S1_T5",2021-02-11,-17.40091,151.87669,46.4,28.8,"lagoon","flat",1,"planktivore",72.9776970837981
"Feb_21","Lihou","Lihou_S1","T7","Feb_21_Lihou_S1_T7",2021-02-11,-17.40091,151.87669,47.7,28.8,"lagoon","flat",1,"herbivore-detritivore",500.662585906378
"Feb_21","Lihou","Lihou_S1","T7","Feb_21_Lihou_S1_T7",2021-02-11,-17.40091,151.87669,47.7,28.8,"lagoon","flat",1,"invertivore-mobile",920.541115267049
"Feb_21","Lihou","Lihou_S1","T7","Feb_21_Lihou_S1_T7",2021-02-11,-17.40091,151.87669,47.7,28.8,"lagoon","flat",1,"omnivore",21.1026647456042
"Feb_21","Lihou","Lihou_S1","T7","Feb_21_Lihou_S1_T7",2021-02-11,-17.40091,151.87669,47.7,28.8,"lagoon","flat",1,"piscivore",480.066915874906
"Feb_21","Lihou","Lihou_S1","T7","Feb_21_Lihou_S1_T7",2021-02-11,-17.40091,151.87669,47.7,28.8,"lagoon","flat",1,"planktivore",1.36211896116237
"Feb_21","Lihou","Lihou_S1","T8","Feb_21_Lihou_S1_T8",2021-02-11,-17.40091,151.87669,47.9,28.8,"lagoon","flat",1,"herbivore-detritivore",2669.71180582565
"Feb_21","Lihou","Lihou_S1","T8","Feb_21_Lihou_S1_T8",2021-02-11,-17.40091,151.87669,47.9,28.8,"lagoon","flat",1,"invertivore-mobile",4218.23731024368
"Feb_21","Lihou","Lihou_S1","T8","Feb_21_Lihou_S1_T8",2021-02-11,-17.40091,151.87669,47.9,28.8,"lagoon","flat",1,"piscivore",814.548253936349
"Feb_21","Lihou","Lihou_S1","T8","Feb_21_Lihou_S1_T8",2021-02-11,-17.40091,151.87669,47.9,28.8,"lagoon","flat",1,"planktivore",4530.21789449529
"Feb_21","Lihou","Lihou_S1","T9","Feb_21_Lihou_S1_T9",2021-02-11,-17.40091,151.87669,48.9,28,"lagoon","flat",0,"invertivore-mobile",52.2281799737499
"Feb_21","Lihou","Lihou_S1","T9","Feb_21_Lihou_S1_T9",2021-02-11,-17.40091,151.87669,48.9,28,"lagoon","flat",0,"piscivore",37.9303089176827
"Feb_21","Lihou","Lihou_S1","T9","Feb_21_Lihou_S1_T9",2021-02-11,-17.40091,151.87669,48.9,28,"lagoon","flat",0,"planktivore",174.751612119625
"Feb_21","Marion","Marion_1","T1","Feb_21_Marion_1_T1",2021-02-10,-19.12206,152.37332,33.9,27.5,"lagoon","flat",2,"herbivore-detritivore",41.3585263482936
"Feb_21","Marion","Marion_1","T1","Feb_21_Marion_1_T1",2021-02-10,-19.12206,152.37332,33.9,27.5,"lagoon","flat",2,"invertivore-mobile",925.324836060778
"Feb_21","Marion","Marion_1","T1","Feb_21_Marion_1_T1",2021-02-10,-19.12206,152.37332,33.9,27.5,"lagoon","flat",2,"omnivore",147.71865321923
"Feb_21","Marion","Marion_1","T1","Feb_21_Marion_1_T1",2021-02-10,-19.12206,152.37332,33.9,27.5,"lagoon","flat",2,"piscivore",15851.1683620222
"Feb_21","Marion","Marion_1","T3","Feb_21_Marion_1_T3",2021-02-10,-19.12206,152.37332,34.7,27.3,"lagoon","flat",0,"piscivore",1.4399332928271
"Feb_21","Marion","Marion_1","T4","Feb_21_Marion_1_T4",2021-02-10,-19.12206,152.37332,35,27.3,"lagoon","flat",0,"planktivore",37.4546913253507
"Feb_21","Marion","Marion_1","T5","Feb_21_Marion_1_T5",2021-02-10,-19.12206,152.37332,34.9,27.3,"lagoon","flat",1,"piscivore",1.4399332928271
"Feb_21","Marion","Marion_1","T5","Feb_21_Marion_1_T5",2021-02-10,-19.12206,152.37332,34.9,27.3,"lagoon","flat",1,"planktivore",8621.90129437021
"Feb_21","Marion","Marion_1","T6","Feb_21_Marion_1_T6",2021-02-10,-19.12206,152.37332,35,27.3,"lagoon","flat",1,"herbivore-detritivore",355.12457046106
"Feb_21","Marion","Marion_1","T6","Feb_21_Marion_1_T6",2021-02-10,-19.12206,152.37332,35,27.3,"lagoon","flat",1,"omnivore",84.4106589824169
"Feb_21","Marion","Marion_1","T6","Feb_21_Marion_1_T6",2021-02-10,-19.12206,152.37332,35,27.3,"lagoon","flat",1,"planktivore",18.7273456626753
"Feb_21","Marion","Marion_1","T7","Feb_21_Marion_1_T7",2021-02-10,-19.12206,152.37332,34.9,27.2,"lagoon","flat",1,"invertivore-mobile",2.0011118784535
"Feb_21","Marion","Marion_1","T8","Feb_21_Marion_1_T8",2021-02-10,-19.12206,152.37332,35.1,27.3,"lagoon","flat",0,"invertivore-mobile",350.211655035731
"Feb_21","Marion","Marion_1","T8","Feb_21_Marion_1_T8",2021-02-10,-19.12206,152.37332,35.1,27.3,"lagoon","flat",0,"planktivore",18.7273456626753
"Feb_21","Osprey","Osp_N1","T1","Feb_21_Osp_N1_T1",2021-02-24,-13.8007,146.55257,97.2,25.6,"outer_reef","wall",5,"omnivore",0.0235083496342089
"Feb_21","Osprey","Osp_N1","T1","Feb_21_Osp_N1_T1",2021-02-24,-13.8007,146.55257,97.2,25.6,"outer_reef","wall",5,"piscivore",21325.0847929604
"Feb_21","Osprey","Osp_N1","T1","Feb_21_Osp_N1_T1",2021-02-24,-13.8007,146.55257,97.2,25.6,"outer_reef","wall",5,"planktivore",27.1252862561069
"Feb_21","Osprey","Osp_N1","T10","Feb_21_Osp_N1_T10",2021-02-24,-13.8007,146.55257,68,26.3,"outer_reef","steep_slope",4,"herbivore-detritivore",5202.84660447684
"Feb_21","Osprey","Osp_N1","T10","Feb_21_Osp_N1_T10",2021-02-24,-13.8007,146.55257,68,26.3,"outer_reef","steep_slope",4,"invertivore-mobile",101.93318332985
"Feb_21","Osprey","Osp_N1","T10","Feb_21_Osp_N1_T10",2021-02-24,-13.8007,146.55257,68,26.3,"outer_reef","steep_slope",4,"omnivore",8.32147904149486
"Feb_21","Osprey","Osp_N1","T10","Feb_21_Osp_N1_T10",2021-02-24,-13.8007,146.55257,68,26.3,"outer_reef","steep_slope",4,"piscivore",23.4602068570174
"Feb_21","Osprey","Osp_N1","T10","Feb_21_Osp_N1_T10",2021-02-24,-13.8007,146.55257,68,26.3,"outer_reef","steep_slope",4,"planktivore",259.045600424609
"Feb_21","Osprey","Osp_N1","T11","Feb_21_Osp_N1_T11",2021-02-24,-13.8007,146.55257,64.2,26.4,"outer_reef","steep_slope",4,"herbivore-detritivore",10.8741281183141
"Feb_21","Osprey","Osp_N1","T11","Feb_21_Osp_N1_T11",2021-02-24,-13.8007,146.55257,64.2,26.4,"outer_reef","steep_slope",4,"invertivore-mobile",68.1826948573615
"Feb_21","Osprey","Osp_N1","T11","Feb_21_Osp_N1_T11",2021-02-24,-13.8007,146.55257,64.2,26.4,"outer_reef","steep_slope",4,"omnivore",10.156320966282
"Feb_21","Osprey","Osp_N1","T11","Feb_21_Osp_N1_T11",2021-02-24,-13.8007,146.55257,64.2,26.4,"outer_reef","steep_slope",4,"piscivore",90.9714906676879
"Feb_21","Osprey","Osp_N1","T11","Feb_21_Osp_N1_T11",2021-02-24,-13.8007,146.55257,64.2,26.4,"outer_reef","steep_slope",4,"planktivore",375.075137155628
"Feb_21","Osprey","Osp_N1","T12","Feb_21_Osp_N1_T12",2021-02-24,-13.8007,146.55257,61.4,26.6,"outer_reef","steep_slope",4,"herbivore-detritivore",51.754633209389
"Feb_21","Osprey","Osp_N1","T12","Feb_21_Osp_N1_T12",2021-02-24,-13.8007,146.55257,61.4,26.6,"outer_reef","steep_slope",4,"invertivore-mobile",83.4016335132302
"Feb_21","Osprey","Osp_N1","T12","Feb_21_Osp_N1_T12",2021-02-24,-13.8007,146.55257,61.4,26.6,"outer_reef","steep_slope",4,"omnivore",514.113157188655
"Feb_21","Osprey","Osp_N1","T12","Feb_21_Osp_N1_T12",2021-02-24,-13.8007,146.55257,61.4,26.6,"outer_reef","steep_slope",4,"piscivore",109.770923969808
"Feb_21","Osprey","Osp_N1","T12","Feb_21_Osp_N1_T12",2021-02-24,-13.8007,146.55257,61.4,26.6,"outer_reef","steep_slope",4,"planktivore",147.440467823391
"Feb_21","Osprey","Osp_N1","T13","Feb_21_Osp_N1_T13",2021-02-24,-13.8007,146.55257,52.3,27.3,"outer_reef","steep_slope",5,"invertivore-mobile",246.250782144536
"Feb_21","Osprey","Osp_N1","T13","Feb_21_Osp_N1_T13",2021-02-24,-13.8007,146.55257,52.3,27.3,"outer_reef","steep_slope",5,"omnivore",393.006852582709
"Feb_21","Osprey","Osp_N1","T13","Feb_21_Osp_N1_T13",2021-02-24,-13.8007,146.55257,52.3,27.3,"outer_reef","steep_slope",5,"piscivore",22.7926530322998
"Feb_21","Osprey","Osp_N1","T13","Feb_21_Osp_N1_T13",2021-02-24,-13.8007,146.55257,52.3,27.3,"outer_reef","steep_slope",5,"planktivore",2938.02625591087
"Feb_21","Osprey","Osp_N1","T14","Feb_21_Osp_N1_T14",2021-02-24,-13.8007,146.55257,54.6,27.1,"outer_reef","wall",3,"invertivore-mobile",360.272854567025
"Feb_21","Osprey","Osp_N1","T14","Feb_21_Osp_N1_T14",2021-02-24,-13.8007,146.55257,54.6,27.1,"outer_reef","wall",3,"invertivore-sessile",0.650489961519909
"Feb_21","Osprey","Osp_N1","T14","Feb_21_Osp_N1_T14",2021-02-24,-13.8007,146.55257,54.6,27.1,"outer_reef","wall",3,"omnivore",270.538049170639
"Feb_21","Osprey","Osp_N1","T14","Feb_21_Osp_N1_T14",2021-02-24,-13.8007,146.55257,54.6,27.1,"outer_reef","wall",3,"piscivore",4923.04412806156
"Feb_21","Osprey","Osp_N1","T14","Feb_21_Osp_N1_T14",2021-02-24,-13.8007,146.55257,54.6,27.1,"outer_reef","wall",3,"planktivore",4147.66842932774
"Feb_21","Osprey","Osp_N1","T15","Feb_21_Osp_N1_T15",2021-02-24,-13.8007,146.55257,59.8,26.7,"outer_reef","wall",4,"invertivore-mobile",0.185155827484302
"Feb_21","Osprey","Osp_N1","T15","Feb_21_Osp_N1_T15",2021-02-24,-13.8007,146.55257,59.8,26.7,"outer_reef","wall",4,"piscivore",7654.59886826043
"Feb_21","Osprey","Osp_N1","T15","Feb_21_Osp_N1_T15",2021-02-24,-13.8007,146.55257,59.8,26.7,"outer_reef","wall",4,"planktivore",1605.09225283089
"Feb_21","Osprey","Osp_N1","T2","Feb_21_Osp_N1_T2",2021-02-24,-13.8007,146.55257,87.6,25.4,"outer_reef","wall",5,"invertivore-mobile",349.323605190059
"Feb_21","Osprey","Osp_N1","T2","Feb_21_Osp_N1_T2",2021-02-24,-13.8007,146.55257,87.6,25.4,"outer_reef","wall",5,"omnivore",529.825120996349
"Feb_21","Osprey","Osp_N1","T2","Feb_21_Osp_N1_T2",2021-02-24,-13.8007,146.55257,87.6,25.4,"outer_reef","wall",5,"planktivore",187.578462580437
"Feb_21","Osprey","Osp_N1","T3","Feb_21_Osp_N1_T3",2021-02-24,-13.8007,146.55257,94.1,25.2,"outer_reef","wall",4,"invertivore-mobile",317.28156932288
"Feb_21","Osprey","Osp_N1","T3","Feb_21_Osp_N1_T3",2021-02-24,-13.8007,146.55257,94.1,25.2,"outer_reef","wall",4,"invertivore-sessile",1713.15982849911
"Feb_21","Osprey","Osp_N1","T3","Feb_21_Osp_N1_T3",2021-02-24,-13.8007,146.55257,94.1,25.2,"outer_reef","wall",4,"omnivore",1.75160453077234
"Feb_21","Osprey","Osp_N1","T3","Feb_21_Osp_N1_T3",2021-02-24,-13.8007,146.55257,94.1,25.2,"outer_reef","wall",4,"piscivore",1220.40855239908
"Feb_21","Osprey","Osp_N1","T3","Feb_21_Osp_N1_T3",2021-02-24,-13.8007,146.55257,94.1,25.2,"outer_reef","wall",4,"planktivore",14702.3866071119
"Feb_21","Osprey","Osp_N1","T4","Feb_21_Osp_N1_T4",2021-02-24,-13.8007,146.55257,90.6,25.4,"outer_reef","wall",3,"invertivore-mobile",2.86949728853676
"Feb_21","Osprey","Osp_N1","T4","Feb_21_Osp_N1_T4",2021-02-24,-13.8007,146.55257,90.6,25.4,"outer_reef","wall",3,"omnivore",8.05285976426375
"Feb_21","Osprey","Osp_N1","T4","Feb_21_Osp_N1_T4",2021-02-24,-13.8007,146.55257,90.6,25.4,"outer_reef","wall",3,"planktivore",0.842237176868673
"Feb_21","Osprey","Osp_N1","T5","Feb_21_Osp_N1_T5",2021-02-24,-13.8007,146.55257,84,26,"outer_reef","wall",3,"invertivore-mobile",82.4508692618747
"Feb_21","Osprey","Osp_N1","T5","Feb_21_Osp_N1_T5",2021-02-24,-13.8007,146.55257,84,26,"outer_reef","wall",3,"omnivore",50.9400152330409
"Feb_21","Osprey","Osp_N1","T5","Feb_21_Osp_N1_T5",2021-02-24,-13.8007,146.55257,84,26,"outer_reef","wall",3,"piscivore",267.996221519443
"Feb_21","Osprey","Osp_N1","T5","Feb_21_Osp_N1_T5",2021-02-24,-13.8007,146.55257,84,26,"outer_reef","wall",3,"planktivore",1.95963095635468
"Feb_21","Osprey","Osp_N1","T6","Feb_21_Osp_N1_T6",2021-02-24,-13.8007,146.55257,80.6,26.1,"outer_reef","steep_slope",4,"herbivore-detritivore",215.477721021436
"Feb_21","Osprey","Osp_N1","T6","Feb_21_Osp_N1_T6",2021-02-24,-13.8007,146.55257,80.6,26.1,"outer_reef","steep_slope",4,"invertivore-mobile",1337.35884536955
"Feb_21","Osprey","Osp_N1","T6","Feb_21_Osp_N1_T6",2021-02-24,-13.8007,146.55257,80.6,26.1,"outer_reef","steep_slope",4,"omnivore",336.707876883373
"Feb_21","Osprey","Osp_N1","T6","Feb_21_Osp_N1_T6",2021-02-24,-13.8007,146.55257,80.6,26.1,"outer_reef","steep_slope",4,"piscivore",67.678799023652
"Feb_21","Osprey","Osp_N1","T6","Feb_21_Osp_N1_T6",2021-02-24,-13.8007,146.55257,80.6,26.1,"outer_reef","steep_slope",4,"planktivore",2039.75668556026
"Feb_21","Osprey","Osp_N1","T7","Feb_21_Osp_N1_T7",2021-02-24,-13.8007,146.55257,71.6,26.3,"outer_reef","steep_slope",5,"invertivore-mobile",166.579700306448
"Feb_21","Osprey","Osp_N1","T7","Feb_21_Osp_N1_T7",2021-02-24,-13.8007,146.55257,71.6,26.3,"outer_reef","steep_slope",5,"omnivore",551.667606687618
"Feb_21","Osprey","Osp_N1","T7","Feb_21_Osp_N1_T7",2021-02-24,-13.8007,146.55257,71.6,26.3,"outer_reef","steep_slope",5,"piscivore",251.847870964141
"Feb_21","Osprey","Osp_N1","T7","Feb_21_Osp_N1_T7",2021-02-24,-13.8007,146.55257,71.6,26.3,"outer_reef","steep_slope",5,"planktivore",622.249901357781
"Feb_21","Osprey","Osp_N1","T8","Feb_21_Osp_N1_T8",2021-02-24,-13.8007,146.55257,74.4,26.3,"outer_reef","steep_slope",4,"invertivore-mobile",0.049538368728042
"Feb_21","Osprey","Osp_N1","T8","Feb_21_Osp_N1_T8",2021-02-24,-13.8007,146.55257,74.4,26.3,"outer_reef","steep_slope",4,"omnivore",82.7564033760826
"Feb_21","Osprey","Osp_N1","T8","Feb_21_Osp_N1_T8",2021-02-24,-13.8007,146.55257,74.4,26.3,"outer_reef","steep_slope",4,"planktivore",0.0815088635442932
"Feb_21","Osprey","Osp_N1","T9","Feb_21_Osp_N1_T9",2021-02-24,-13.8007,146.55257,77.2,26.1,"outer_reef","steep_slope",4,"invertivore-mobile",120.025095637864
"Feb_21","Osprey","Osp_N1","T9","Feb_21_Osp_N1_T9",2021-02-24,-13.8007,146.55257,77.2,26.1,"outer_reef","steep_slope",4,"omnivore",43.9922179375655
"Feb_21","Osprey","Osp_N1","T9","Feb_21_Osp_N1_T9",2021-02-24,-13.8007,146.55257,77.2,26.1,"outer_reef","steep_slope",4,"piscivore",35.3226958155523
"Feb_21","Saumarez","Saumarez_S1","T1","Feb_21_Saumarez_S1_T1",2021-02-06,-21.912222,153.609167,29.6,27.9,"lagoon","flat",1,"invertivore-mobile",6638.29581398388
"Feb_21","Saumarez","Saumarez_S1","T2","Feb_21_Saumarez_S1_T2",2021-02-06,-21.912222,153.609167,29.6,27.8,"lagoon","flat",1,"herbivore-detritivore",2321.29535348378
"Feb_21","Saumarez","Saumarez_S1","T2","Feb_21_Saumarez_S1_T2",2021-02-06,-21.912222,153.609167,29.6,27.8,"lagoon","flat",1,"invertivore-mobile",752.899887653189
"Feb_21","Saumarez","Saumarez_S1","T2","Feb_21_Saumarez_S1_T2",2021-02-06,-21.912222,153.609167,29.6,27.8,"lagoon","flat",1,"invertivore-sessile",39.8392986437507
"Feb_21","Saumarez","Saumarez_S1","T2","Feb_21_Saumarez_S1_T2",2021-02-06,-21.912222,153.609167,29.6,27.8,"lagoon","flat",1,"omnivore",36.0656336954407
"Feb_21","Saumarez","Saumarez_S1","T2","Feb_21_Saumarez_S1_T2",2021-02-06,-21.912222,153.609167,29.6,27.8,"lagoon","flat",1,"planktivore",64.3889923532675
"Feb_21","Saumarez","Saumarez_S1","T3","Feb_21_Saumarez_S1_T3",2021-02-06,-21.912222,153.609167,29.8,27.8,"lagoon","flat",1,"invertivore-mobile",328.644410108538
"Feb_21","Saumarez","Saumarez_S1","T3","Feb_21_Saumarez_S1_T3",2021-02-06,-21.912222,153.609167,29.8,27.8,"lagoon","flat",1,"omnivore",2.17722259454259
"Feb_21","Saumarez","Saumarez_S1","T3","Feb_21_Saumarez_S1_T3",2021-02-06,-21.912222,153.609167,29.8,27.8,"lagoon","flat",1,"planktivore",25.7555969413071
"Feb_21","Saumarez","Saumarez_S1","T4","Feb_21_Saumarez_S1_T4",2021-02-06,-21.912222,153.609167,29.6,27.8,"lagoon","flat",0,"herbivore-detritivore",1161.06420659418
"Feb_21","Saumarez","Saumarez_S1","T4","Feb_21_Saumarez_S1_T4",2021-02-06,-21.912222,153.609167,29.6,27.8,"lagoon","flat",0,"invertivore-mobile",4296.88875593433
"Feb_21","Saumarez","Saumarez_S1","T4","Feb_21_Saumarez_S1_T4",2021-02-06,-21.912222,153.609167,29.6,27.8,"lagoon","flat",0,"omnivore",1.83036515396465
"Feb_21","Saumarez","Saumarez_S1","T4","Feb_21_Saumarez_S1_T4",2021-02-06,-21.912222,153.609167,29.6,27.8,"lagoon","flat",0,"piscivore",4110.09583625643
"Feb_21","Saumarez","Saumarez_S1","T5","Feb_21_Saumarez_S1_T5",2021-02-06,-21.912222,153.609167,29.5,27.8,"lagoon","flat",1,"herbivore-detritivore",11614.4110677237
"Feb_21","Saumarez","Saumarez_S1","T5","Feb_21_Saumarez_S1_T5",2021-02-06,-21.912222,153.609167,29.5,27.8,"lagoon","flat",1,"herbivore-macroalgae",6782.55412498553
"Feb_21","Saumarez","Saumarez_S1","T5","Feb_21_Saumarez_S1_T5",2021-02-06,-21.912222,153.609167,29.5,27.8,"lagoon","flat",1,"invertivore-mobile",1531.0218269952
"Feb_21","Saumarez","Saumarez_S1","T5","Feb_21_Saumarez_S1_T5",2021-02-06,-21.912222,153.609167,29.5,27.8,"lagoon","flat",1,"invertivore-sessile",1018.7085023359
"Feb_21","Saumarez","Saumarez_S1","T5","Feb_21_Saumarez_S1_T5",2021-02-06,-21.912222,153.609167,29.5,27.8,"lagoon","flat",1,"piscivore",822.019167251286
"Feb_21","Saumarez","Saumarez_S1","T5","Feb_21_Saumarez_S1_T5",2021-02-06,-21.912222,153.609167,29.5,27.8,"lagoon","flat",1,"planktivore",3800.9444053739
"Feb_21","Saumarez","Saumarez_S1","T6","Feb_21_Saumarez_S1_T6",2021-02-06,-21.912222,153.609167,29.9,27.8,"lagoon","flat",1,"herbivore-detritivore",5360.49741587249
"Feb_21","Saumarez","Saumarez_S1","T6","Feb_21_Saumarez_S1_T6",2021-02-06,-21.912222,153.609167,29.9,27.8,"lagoon","flat",1,"invertivore-mobile",1835.31161575527
"Feb_21","Willis","Willis_N1","T1","Feb_21_Willis_N1_T1",2021-02-14,-16.92334,149.96951,35.2,28,"outer_reef","gentle_slope",3,"herbivore-detritivore",386.358730290339
"Feb_21","Willis","Willis_N1","T1","Feb_21_Willis_N1_T1",2021-02-14,-16.92334,149.96951,35.2,28,"outer_reef","gentle_slope",3,"invertivore-mobile",6679.53775455779
"Feb_21","Willis","Willis_N1","T1","Feb_21_Willis_N1_T1",2021-02-14,-16.92334,149.96951,35.2,28,"outer_reef","gentle_slope",3,"omnivore",106.42299781657
"Feb_21","Willis","Willis_N1","T1","Feb_21_Willis_N1_T1",2021-02-14,-16.92334,149.96951,35.2,28,"outer_reef","gentle_slope",3,"piscivore",1091800.68569777
"Feb_21","Willis","Willis_N1","T1","Feb_21_Willis_N1_T1",2021-02-14,-16.92334,149.96951,35.2,28,"outer_reef","gentle_slope",3,"planktivore",833.102980291862
"Feb_21","Willis","Willis_N1","T10","Feb_21_Willis_N1_T10",2021-02-14,-16.92334,149.96951,50.4,27.2,"outer_reef","steep_slope",3,"herbivore-detritivore",307.01476964398
"Feb_21","Willis","Willis_N1","T10","Feb_21_Willis_N1_T10",2021-02-14,-16.92334,149.96951,50.4,27.2,"outer_reef","steep_slope",3,"invertivore-mobile",1603.30325310122
"Feb_21","Willis","Willis_N1","T10","Feb_21_Willis_N1_T10",2021-02-14,-16.92334,149.96951,50.4,27.2,"outer_reef","steep_slope",3,"invertivore-sessile",79.1770853984194
"Feb_21","Willis","Willis_N1","T10","Feb_21_Willis_N1_T10",2021-02-14,-16.92334,149.96951,50.4,27.2,"outer_reef","steep_slope",3,"omnivore",1745.39637798018
"Feb_21","Willis","Willis_N1","T10","Feb_21_Willis_N1_T10",2021-02-14,-16.92334,149.96951,50.4,27.2,"outer_reef","steep_slope",3,"planktivore",907.921015764096
"Feb_21","Willis","Willis_N1","T11","Feb_21_Willis_N1_T11",2021-02-14,-16.92334,149.96951,50.1,27.2,"outer_reef","steep_slope",3,"herbivore-detritivore",489.18316178888
"Feb_21","Willis","Willis_N1","T11","Feb_21_Willis_N1_T11",2021-02-14,-16.92334,149.96951,50.1,27.2,"outer_reef","steep_slope",3,"invertivore-mobile",37.6843064843146
"Feb_21","Willis","Willis_N1","T11","Feb_21_Willis_N1_T11",2021-02-14,-16.92334,149.96951,50.1,27.2,"outer_reef","steep_slope",3,"invertivore-sessile",1717.40773637229
"Feb_21","Willis","Willis_N1","T11","Feb_21_Willis_N1_T11",2021-02-14,-16.92334,149.96951,50.1,27.2,"outer_reef","steep_slope",3,"omnivore",130.831623501251
"Feb_21","Willis","Willis_N1","T11","Feb_21_Willis_N1_T11",2021-02-14,-16.92334,149.96951,50.1,27.2,"outer_reef","steep_slope",3,"piscivore",122717.085387618
"Feb_21","Willis","Willis_N1","T11","Feb_21_Willis_N1_T11",2021-02-14,-16.92334,149.96951,50.1,27.2,"outer_reef","steep_slope",3,"planktivore",407.557068556897
"Feb_21","Willis","Willis_N1","T12","Feb_21_Willis_N1_T12",2021-02-14,-16.92334,149.96951,40,27.3,"outer_reef","steep_slope",3,"herbivore-detritivore",157.982686029179
"Feb_21","Willis","Willis_N1","T12","Feb_21_Willis_N1_T12",2021-02-14,-16.92334,149.96951,40,27.3,"outer_reef","steep_slope",3,"invertivore-mobile",0.0717819561664573
"Feb_21","Willis","Willis_N1","T12","Feb_21_Willis_N1_T12",2021-02-14,-16.92334,149.96951,40,27.3,"outer_reef","steep_slope",3,"invertivore-sessile",103.856146729248
"Feb_21","Willis","Willis_N1","T12","Feb_21_Willis_N1_T12",2021-02-14,-16.92334,149.96951,40,27.3,"outer_reef","steep_slope",3,"omnivore",0.0690953145124373
"Feb_21","Willis","Willis_N1","T12","Feb_21_Willis_N1_T12",2021-02-14,-16.92334,149.96951,40,27.3,"outer_reef","steep_slope",3,"piscivore",21443.7356694911
"Feb_21","Willis","Willis_N1","T12","Feb_21_Willis_N1_T12",2021-02-14,-16.92334,149.96951,40,27.3,"outer_reef","steep_slope",3,"planktivore",87.6540501356969
"Feb_21","Willis","Willis_N1","T13","Feb_21_Willis_N1_T13",2021-02-14,-16.92334,149.96951,43,27.4,"outer_reef","steep_slope",3,"herbivore-detritivore",0.159042624081899
"Feb_21","Willis","Willis_N1","T13","Feb_21_Willis_N1_T13",2021-02-14,-16.92334,149.96951,43,27.4,"outer_reef","steep_slope",3,"invertivore-mobile",12776.9158290989
"Feb_21","Willis","Willis_N1","T13","Feb_21_Willis_N1_T13",2021-02-14,-16.92334,149.96951,43,27.4,"outer_reef","steep_slope",3,"omnivore",146.010987913482
"Feb_21","Willis","Willis_N1","T13","Feb_21_Willis_N1_T13",2021-02-14,-16.92334,149.96951,43,27.4,"outer_reef","steep_slope",3,"piscivore",0.838015317866874
"Feb_21","Willis","Willis_N1","T13","Feb_21_Willis_N1_T13",2021-02-14,-16.92334,149.96951,43,27.4,"outer_reef","steep_slope",3,"planktivore",4753.80850692088
"Feb_21","Willis","Willis_N1","T14","Feb_21_Willis_N1_T14",2021-02-14,-16.92334,149.96951,42,27.8,"outer_reef","steep_slope",3,"herbivore-detritivore",24.1265771773985
"Feb_21","Willis","Willis_N1","T14","Feb_21_Willis_N1_T14",2021-02-14,-16.92334,149.96951,42,27.8,"outer_reef","steep_slope",3,"invertivore-mobile",0.295673478027873
"Feb_21","Willis","Willis_N1","T14","Feb_21_Willis_N1_T14",2021-02-14,-16.92334,149.96951,42,27.8,"outer_reef","steep_slope",3,"invertivore-sessile",0.273046864144934
"Feb_21","Willis","Willis_N1","T14","Feb_21_Willis_N1_T14",2021-02-14,-16.92334,149.96951,42,27.8,"outer_reef","steep_slope",3,"omnivore",135.365044563242
"Feb_21","Willis","Willis_N1","T14","Feb_21_Willis_N1_T14",2021-02-14,-16.92334,149.96951,42,27.8,"outer_reef","steep_slope",3,"piscivore",0.108560143906901
"Feb_21","Willis","Willis_N1","T14","Feb_21_Willis_N1_T14",2021-02-14,-16.92334,149.96951,42,27.8,"outer_reef","steep_slope",3,"planktivore",559.052272423798
"Feb_21","Willis","Willis_N1","T15","Feb_21_Willis_N1_T15",2021-02-14,-16.92334,149.96951,42,27.8,"outer_reef","steep_slope",3,"herbivore-detritivore",537.694267741483
"Feb_21","Willis","Willis_N1","T15","Feb_21_Willis_N1_T15",2021-02-14,-16.92334,149.96951,42,27.8,"outer_reef","steep_slope",3,"invertivore-mobile",1077.49768756583
"Feb_21","Willis","Willis_N1","T15","Feb_21_Willis_N1_T15",2021-02-14,-16.92334,149.96951,42,27.8,"outer_reef","steep_slope",3,"invertivore-sessile",0.0742127550267314
"Feb_21","Willis","Willis_N1","T15","Feb_21_Willis_N1_T15",2021-02-14,-16.92334,149.96951,42,27.8,"outer_reef","steep_slope",3,"omnivore",103.626464837668
"Feb_21","Willis","Willis_N1","T15","Feb_21_Willis_N1_T15",2021-02-14,-16.92334,149.96951,42,27.8,"outer_reef","steep_slope",3,"piscivore",0.115478770048968
"Feb_21","Willis","Willis_N1","T15","Feb_21_Willis_N1_T15",2021-02-14,-16.92334,149.96951,42,27.8,"outer_reef","steep_slope",3,"planktivore",530.947644692147
"Feb_21","Willis","Willis_N1","T2","Feb_21_Willis_N1_T2",2021-02-14,-16.92334,149.96951,42.3,27.6,"outer_reef","gentle_slope",4,"herbivore-detritivore",142.50704738694
"Feb_21","Willis","Willis_N1","T2","Feb_21_Willis_N1_T2",2021-02-14,-16.92334,149.96951,42.3,27.6,"outer_reef","gentle_slope",4,"invertivore-mobile",734.234908535095
"Feb_21","Willis","Willis_N1","T2","Feb_21_Willis_N1_T2",2021-02-14,-16.92334,149.96951,42.3,27.6,"outer_reef","gentle_slope",4,"invertivore-sessile",29.4175865120699
"Feb_21","Willis","Willis_N1","T2","Feb_21_Willis_N1_T2",2021-02-14,-16.92334,149.96951,42.3,27.6,"outer_reef","gentle_slope",4,"omnivore",87.0385784568726
"Feb_21","Willis","Willis_N1","T2","Feb_21_Willis_N1_T2",2021-02-14,-16.92334,149.96951,42.3,27.6,"outer_reef","gentle_slope",4,"piscivore",2590.80253803594
"Feb_21","Willis","Willis_N1","T2","Feb_21_Willis_N1_T2",2021-02-14,-16.92334,149.96951,42.3,27.6,"outer_reef","gentle_slope",4,"planktivore",392.124355885882
"Feb_21","Willis","Willis_N1","T3","Feb_21_Willis_N1_T3",2021-02-14,-16.92334,149.96951,44.4,27.7,"outer_reef","gentle_slope",4,"herbivore-detritivore",0.110192971986661
"Feb_21","Willis","Willis_N1","T3","Feb_21_Willis_N1_T3",2021-02-14,-16.92334,149.96951,44.4,27.7,"outer_reef","gentle_slope",4,"invertivore-mobile",756.121421219544
"Feb_21","Willis","Willis_N1","T3","Feb_21_Willis_N1_T3",2021-02-14,-16.92334,149.96951,44.4,27.7,"outer_reef","gentle_slope",4,"invertivore-sessile",97.0894271602171
"Feb_21","Willis","Willis_N1","T3","Feb_21_Willis_N1_T3",2021-02-14,-16.92334,149.96951,44.4,27.7,"outer_reef","gentle_slope",4,"omnivore",46.8188158136401
"Feb_21","Willis","Willis_N1","T3","Feb_21_Willis_N1_T3",2021-02-14,-16.92334,149.96951,44.4,27.7,"outer_reef","gentle_slope",4,"planktivore",21.1705092346615
"Feb_21","Willis","Willis_N1","T4","Feb_21_Willis_N1_T4",2021-02-14,-16.92334,149.96951,51.5,27.7,"outer_reef","steep_slope",3,"herbivore-detritivore",86.6713753119225
"Feb_21","Willis","Willis_N1","T4","Feb_21_Willis_N1_T4",2021-02-14,-16.92334,149.96951,51.5,27.7,"outer_reef","steep_slope",3,"invertivore-mobile",136.708388792573
"Feb_21","Willis","Willis_N1","T4","Feb_21_Willis_N1_T4",2021-02-14,-16.92334,149.96951,51.5,27.7,"outer_reef","steep_slope",3,"invertivore-sessile",0.128923838302644
"Feb_21","Willis","Willis_N1","T4","Feb_21_Willis_N1_T4",2021-02-14,-16.92334,149.96951,51.5,27.7,"outer_reef","steep_slope",3,"omnivore",282.136823808674
"Feb_21","Willis","Willis_N1","T4","Feb_21_Willis_N1_T4",2021-02-14,-16.92334,149.96951,51.5,27.7,"outer_reef","steep_slope",3,"piscivore",99747.8093371643
"Feb_21","Willis","Willis_N1","T4","Feb_21_Willis_N1_T4",2021-02-14,-16.92334,149.96951,51.5,27.7,"outer_reef","steep_slope",3,"planktivore",0.00830100833827459
"Feb_21","Willis","Willis_N1","T5","Feb_21_Willis_N1_T5",2021-02-14,-16.92334,149.96951,52.3,27.2,"outer_reef","steep_slope",3,"herbivore-detritivore",0.290970611054932
"Feb_21","Willis","Willis_N1","T5","Feb_21_Willis_N1_T5",2021-02-14,-16.92334,149.96951,52.3,27.2,"outer_reef","steep_slope",3,"invertivore-mobile",49.2971448914829
"Feb_21","Willis","Willis_N1","T5","Feb_21_Willis_N1_T5",2021-02-14,-16.92334,149.96951,52.3,27.2,"outer_reef","steep_slope",3,"omnivore",0.103892034310656
"Feb_21","Willis","Willis_N1","T5","Feb_21_Willis_N1_T5",2021-02-14,-16.92334,149.96951,52.3,27.2,"outer_reef","steep_slope",3,"piscivore",227181.709995134
"Feb_21","Willis","Willis_N1","T5","Feb_21_Willis_N1_T5",2021-02-14,-16.92334,149.96951,52.3,27.2,"outer_reef","steep_slope",3,"planktivore",2265.02296090653
"Feb_21","Willis","Willis_N1","T6","Feb_21_Willis_N1_T6",2021-02-14,-16.92334,149.96951,52.3,27.2,"outer_reef","steep_slope",3,"herbivore-detritivore",369.971801870887
"Feb_21","Willis","Willis_N1","T6","Feb_21_Willis_N1_T6",2021-02-14,-16.92334,149.96951,52.3,27.2,"outer_reef","steep_slope",3,"invertivore-mobile",390.013907898846
"Feb_21","Willis","Willis_N1","T6","Feb_21_Willis_N1_T6",2021-02-14,-16.92334,149.96951,52.3,27.2,"outer_reef","steep_slope",3,"omnivore",25.0816940939797
"Feb_21","Willis","Willis_N1","T6","Feb_21_Willis_N1_T6",2021-02-14,-16.92334,149.96951,52.3,27.2,"outer_reef","steep_slope",3,"piscivore",1653.90059025434
"Feb_21","Willis","Willis_N1","T6","Feb_21_Willis_N1_T6",2021-02-14,-16.92334,149.96951,52.3,27.2,"outer_reef","steep_slope",3,"planktivore",1780.73671829108
"Feb_21","Willis","Willis_N1","T7","Feb_21_Willis_N1_T7",2021-02-14,-16.92334,149.96951,60.1,26.9,"outer_reef","steep_slope",1,"invertivore-mobile",0.642504353026224
"Feb_21","Willis","Willis_N1","T7","Feb_21_Willis_N1_T7",2021-02-14,-16.92334,149.96951,60.1,26.9,"outer_reef","steep_slope",1,"piscivore",312171.425351076
"Feb_21","Willis","Willis_N1","T7","Feb_21_Willis_N1_T7",2021-02-14,-16.92334,149.96951,60.1,26.9,"outer_reef","steep_slope",1,"planktivore",14.2692201708089
"Feb_21","Willis","Willis_N1","T8","Feb_21_Willis_N1_T8",2021-02-14,-16.92334,149.96951,44.8,27.1,"outer_reef","steep_slope",2,"herbivore-detritivore",12.5223552892887
"Feb_21","Willis","Willis_N1","T8","Feb_21_Willis_N1_T8",2021-02-14,-16.92334,149.96951,44.8,27.1,"outer_reef","steep_slope",2,"invertivore-mobile",233.230637154322
"Feb_21","Willis","Willis_N1","T8","Feb_21_Willis_N1_T8",2021-02-14,-16.92334,149.96951,44.8,27.1,"outer_reef","steep_slope",2,"omnivore",868.661435962586
"Feb_21","Willis","Willis_N1","T8","Feb_21_Willis_N1_T8",2021-02-14,-16.92334,149.96951,44.8,27.1,"outer_reef","steep_slope",2,"planktivore",298.076086099652
"Feb_21","Willis","Willis_N1","T9","Feb_21_Willis_N1_T9",2021-02-14,-16.92334,149.96951,44.1,27.2,"outer_reef","steep_slope",2,"herbivore-detritivore",400.726429114401
"Feb_21","Willis","Willis_N1","T9","Feb_21_Willis_N1_T9",2021-02-14,-16.92334,149.96951,44.1,27.2,"outer_reef","steep_slope",2,"invertivore-mobile",922.97045823681
"Feb_21","Willis","Willis_N1","T9","Feb_21_Willis_N1_T9",2021-02-14,-16.92334,149.96951,44.1,27.2,"outer_reef","steep_slope",2,"omnivore",2.66579518683635
"Feb_21","Willis","Willis_N1","T9","Feb_21_Willis_N1_T9",2021-02-14,-16.92334,149.96951,44.1,27.2,"outer_reef","steep_slope",2,"planktivore",70843.2665453858
"Feb_21","Wreck","Wreck_E1","T1","Feb_21_Wreck_E1_T1",2021-02-07,-22.19906,155.32938,31.5,27.7,"outer_reef","gentle_slope",3,"herbivore-detritivore",264.739978376706
"Feb_21","Wreck","Wreck_E1","T1","Feb_21_Wreck_E1_T1",2021-02-07,-22.19906,155.32938,31.5,27.7,"outer_reef","gentle_slope",3,"invertivore-mobile",497.542620110022
"Feb_21","Wreck","Wreck_E1","T1","Feb_21_Wreck_E1_T1",2021-02-07,-22.19906,155.32938,31.5,27.7,"outer_reef","gentle_slope",3,"invertivore-sessile",68.5966351733765
"Feb_21","Wreck","Wreck_E1","T1","Feb_21_Wreck_E1_T1",2021-02-07,-22.19906,155.32938,31.5,27.7,"outer_reef","gentle_slope",3,"omnivore",115.216856495422
"Feb_21","Wreck","Wreck_E1","T1","Feb_21_Wreck_E1_T1",2021-02-07,-22.19906,155.32938,31.5,27.7,"outer_reef","gentle_slope",3,"piscivore",1742.83849327658
"Feb_21","Wreck","Wreck_E1","T1","Feb_21_Wreck_E1_T1",2021-02-07,-22.19906,155.32938,31.5,27.7,"outer_reef","gentle_slope",3,"planktivore",14462.4217602309
"Feb_21","Wreck","Wreck_E1","T2","Feb_21_Wreck_E1_T2",2021-02-07,-22.19906,155.32938,36.5,27.6,"outer_reef","gentle_slope",3,"herbivore-detritivore",2240.91213606736
"Feb_21","Wreck","Wreck_E1","T2","Feb_21_Wreck_E1_T2",2021-02-07,-22.19906,155.32938,36.5,27.6,"outer_reef","gentle_slope",3,"invertivore-mobile",820.725647187063
"Feb_21","Wreck","Wreck_E1","T2","Feb_21_Wreck_E1_T2",2021-02-07,-22.19906,155.32938,36.5,27.6,"outer_reef","gentle_slope",3,"invertivore-sessile",6.44495189865491
"Feb_21","Wreck","Wreck_E1","T2","Feb_21_Wreck_E1_T2",2021-02-07,-22.19906,155.32938,36.5,27.6,"outer_reef","gentle_slope",3,"omnivore",208.553202131433
"Feb_21","Wreck","Wreck_E1","T2","Feb_21_Wreck_E1_T2",2021-02-07,-22.19906,155.32938,36.5,27.6,"outer_reef","gentle_slope",3,"planktivore",1651.54565605558
"Feb_21","Wreck","Wreck_E1","T3","Feb_21_Wreck_E1_T3",2021-02-07,-22.19906,155.32938,36.3,27.6,"outer_reef","gentle_slope",3,"herbivore-detritivore",595.520768905118
"Feb_21","Wreck","Wreck_E1","T3","Feb_21_Wreck_E1_T3",2021-02-07,-22.19906,155.32938,36.3,27.6,"outer_reef","gentle_slope",3,"invertivore-mobile",253.149565958604
"Feb_21","Wreck","Wreck_E1","T3","Feb_21_Wreck_E1_T3",2021-02-07,-22.19906,155.32938,36.3,27.6,"outer_reef","gentle_slope",3,"omnivore",211.026647456042
"Feb_21","Wreck","Wreck_E1","T3","Feb_21_Wreck_E1_T3",2021-02-07,-22.19906,155.32938,36.3,27.6,"outer_reef","gentle_slope",3,"piscivore",78746.7782437409
"Feb_21","Wreck","Wreck_E1","T3","Feb_21_Wreck_E1_T3",2021-02-07,-22.19906,155.32938,36.3,27.6,"outer_reef","gentle_slope",3,"planktivore",1211.72956874233
